text,label
super👍👍 ,1
çox razıyam,1
Əlaa,1
rəngi bir tık tünd götürmədiyimə peşmanam 🥲 Belə qəşəng çıxdı ✨,1
normaldi qiymwtine gore,1
orginal idi hədiyyə almışdım,1
Beyendm,1
super,1
"çox gözəldi, əla teksturası var, razı qaldım. çox sağolun, bella.az💞",1
cox qeseng teksturasi var,1
kremsidi rəngi nə çox soyuq alt tonlu nədə narıncıdı orginala oxşayır original ola bilər bella.az dan almışam xanımların şəkillərdə atdığı kimidir ola bilər kameram yaxşı çəkmir ona görə dedim,1
qiymete gore normaldi,1
"Bəyəndim,qəşəngdir🤎",1
"Rengi, teksturası çox gözeldir",1
Cox yaxsidir yagli teksturaya sahibdir,1
Ele makyaj eleki bilinmesin makuaj elemisem seriyasinandi,1
Mükemmel,1
Əla,1
хороший товар,1
əla,1
Normal,1
əla qiymətə aldım,1
əla almağa dəyər,1
yaxşıdır məsləhətdir almağa,1
"очень тонкие , даже слишком тонкие",0
yaxşıdır. disklər incədir sadəcə,1
əla 😍,1
əla və sərfəli,1
нормальные.,1
👍🏻👍🏻👍🏻Cox nazikdi amma qeseydi,1
çox qəşəng almağa dəyər,1
əla,1
əla🤌,1
хорошие и цена отличная на скидке,1
Almağa dəyər yaxşı çıxdı😊,0
Geweng di,1
Çox nazikdi deymez almağa,0
çox sərfəli və keyfiyyətlidir.1 ədədi bütün üzümü silməyə kifayət etdi,1
həm keyfiyyətli həm də qiyməti münasib 👌👌👌,1
yaxşıdı,1
🥰😍😍😍😍,1
👍выгодно,1
ela,1
Əla,1
nezikdi ama istifade si asantdi pis deyil,1
beyendim,1
Əla 👍🏻,1
хорошие.,1
yaxsi,1
əladı,1
bu qiymete qöre superdi teşekkür umiko,1
elaaa,1
"Əla,5+",1
Keyfiyyeti orta,1
bu qiymətə əlaaa bəyəndim,1
yaxsi,1
"Qiyməti çox münasibdir, 2.49👍🏻",1
eladir,1
"Хорошая цена за такое количество, очень удобно",1
"Çox yaxşı məhsuldur, təşəkkür edirəm",1
Ela. Original mehsuldur.,1
Quru dəri üçün ideal nəmləndiricidir,1
Krem superdi,1
original mehsuldur qoruma bandida ustunde idi Kanon Aptek den almisam. krem cox gozel nemlendirir ve derini berpa edir,1
Üzü çox yaxşı nemlendirir.,1
Çox bəyəndim,1
çox beyendim menim derim qurudu. derimi çox gözəl nemlendirdi,1
Süper,1
"хорошо увлажняет, рекомендую",1
uzdə əla yayilir..ama qiymetine gore olcusu balacadi,1
Heç də yaxşı nəmləndirmir. Dəyməz bu qiymətə,0
Yağlı və karma dərilər üçün əladır dərini yağlandırmadan nəmləndirir,1
"yaxşı məhsuldur,heyif ki qiyməti qalxdı",1
"Mehsul sehv geldi, uz kremi evezine, el kremi gonderilib. Ve UMICO terefinden hec bir cavab verilmir, artiq 1 heftedir",0
mukemmel.,1
meslehetdi.,1
Aldim cox kefiyyetli maldi tessevur edinki masinin isiglarin yanili qoyub gedirem cox idealdi 👍🏼,1
qiymətinə görə əla,1
Keyfiyyeti ela 👍🏻,1
"Cox keyfiyyetli mehsuldu,qirilmir dagilmir.almaga deyer",1
"Bəyəndim daha böyük çəkiləridə olsa bəyənərəm , məncə daha böyük olsa görünüş qorxusu olmuyacaq əla olacaq",1
Çox keyfiyyetli ve qiymetine göre çox münasibdir 👍🏻,1
"Eyni şəkillərdə görsəndiyi kimi gəldi, çox əladır. Bu qiymətə 3 cüt qantel yaxşıdır. Sadəcə biraz həcmi böyükdür, o da bir problem yaratmır. Kuryerlərdə vaxtında çatdırdılar. Həm birmarket, həm də Qantel Baku əməkdaşlarına təşəkkür edirəm",1
"Yaxşı qantellərdir. Sadəcə həcmi biraz böyükdür, oda məşq etməyə maneə etmir. Keyfiyyətdə yüksək səviyyədədir",1
Yaxşıdı.Sadəcə həcmi bir az böyükdü.,1
"Qantelləri kuryer çox tez çatdırdı. Çox razı qaldım, həm qantellərdən həm də ki kuryerdən. Hər kəsə tövsiyyə edirəm. Birmarketə təşəkkür edirəm.",1
Dəfdi dənə,1
👍eladi,1
normaldır,1
Əladı. Sadəcə ölçüsü çəkisinə görə biraz böyükdür.,1
Çox bəyəndim. Hazırlayanlara təşəkkür edirəm. Çatdırılma xidmətinə də çox deyirəm. qapiya kimi çatdırdılar,1
"əlaa çox gözəl və keyfiyyətli, super",1
"Əla,hərşey qeyd olunduğu kimi gəldi",1
Beyendim!,1
teşekkur edirem.ela,1
super,1
Otlucna,1
salam məhsulu bəyəndim amma ədeve vermir,1
"Cox gozel mehsuldu, qiymeti de yaxwidi. Bimarkete tesekkur edirem ki, bele bir rahat furset yaradir. Novbe gozlemeden ucuz ve keyfiyyetli mehsul aldim. Magazada 1 packasi 4 manat daha baha idi.",1
vaxtında çatdırılma əla oldu. təşəkkürlər,1
ela,1
cox gozeldi 12man elaydi yene endirim edin 12 ye kasiblarda faydalansin,1
Salam yaxşıdı sifariş elemek olar.,1
yaxşdir edve geldi id odeniş  ede edv gelse yaxsi olar,1
Super,1
əladı,1
Yaxşıdır,1
məhsul yaxşıdı. sadəcə 3 kqliq daşlardan birində problem var. O daşı görəsən dəyişdirmek olar?,1
Super mehsuldur kefiyyet ve qiymet performans,1
"superdi,tam deyilən kimidi",1
əlaa çox yaxşı gəldi məhsul tövsiyə edərəm,1
"kilosu 2manatdan düşür+ tutacaqların özü adicə temuda 20-30manat idi və 90ndan çıxsaq 60olur hansıki kilosu 1,5azn düşür super və keyfiyyətlidir, əlcək üçün sağolun",1
"Afərin! Tam deyilən kimidir, 39 kq daşlar, 1 kq tutacağın çəkisidir.",1
mehsulu cox beyendik. heqiqetende gozel mehsuldur. cox sagolun,1
Ela,1
"super,məsləhət görürəm",1
"Не хочу писать плохой отзыв. В комплекте идут диски 2кг х 4 шутки, 1.5 кг х 4 штуки, 1.25 х 4 штуки. К сожалению 40 кг вообщем здесь не набирается как написано в описании.",1
"Спасибочки, товар мне очень понравился. Благодаря вашему товару скоро вырастет новый Арнольд Шварценеггер",1
Əlaqə nömrəsi qeyd edin,1
Bu 20 kq nece kq larla doludu yeni nece 2 kq nece 5 kq neçe neçedi kqlar?,1
salam. bu dest hem dumbbell hem ştanqdi? yoxsa sadece dumbbeldi?,1
Ştanq ilə birlikdədir?,1
yaxşıdır raziyam,1
çox sağolun Bir market ailesi uyğun qiymet yüksek xidmet,1
Gozəl bezdi,1
Хороший мне понравился ,1
ela cox bəyəndim,1
Yaxşıdır,1
Superdir tovsiye edirem😍,1
Almaga deyer 👍,1
ikinci sifarişimdir.  mən bəyənirəm.  kargo da səliqəli şəkildə gəlib.,1
Cox yaxwıdı men cox razı qaldım ız buraxmır,1
"Çox bəyənirəm, 3cü dəfədir almışam, amma 4cü Trinova-nı yoxlayacam",1
bəyənmədim..Qasda ağ iz buraxır..,0
yaxşıdır  ağ iz buraxmır  tövsiyyə edirəm,1
Çox razı qaldığım üçün təkrar sifariş etdim. Qiymətinə görə keyfiyyəti əladır.,1
qiymetine göre cox yaxsıdı,1
super,1
Super almaga dəyər,1
eladi,1
super,1
cox pis,0
qəşəydir bəyəndim🤌,1
bəyəndim yaxşıdı,1
Möhtəşəmmmm😍😍😍,1
əla,1
mən çox razı qaldım,1
bəyəndim çox yaxşı məhsuldu,1
"Gözəldir, bəyəndim .",1
Bir sözlə möhtəşəm bundan bahalılarını almışdım ama heçbiri bunu qədər sabit saxlamamışdı yumasan günlərlə sabit saxlayasıdı😍,1
eladi,1
çox yaxşi,1
Yapisqandi dehset,0
Bu qiymete eladi,1
"Çox gözəl məhsuldur,çox razıyam 👍",1
Çox əladır saatlarla nece var elə saxladı qaşımı,1
Cox yaxsidir daragi qeseydir,1
Cox qeşey,1
"bir sözlə möhtəşəm, qalıcılığı super.",1
Razı qaldım eladı,1
Superrr,1
Chox gozel sabitleyir qashdada qalir beyendim❤️,1
"DEMELİ BELE QİZLAR! BU SABİTLEYİCİ GEL""ORTA FİKSACİYADADİ"" AG İZ BURAXMADAN , QAŞLARİN TEBİİLİYİNE USTUNLUK VEREN XANİMLAR ÜÇÜN DU! MEN BUGUN ZAKAZ ELEDİM VE PROB ELEDİM! QAŞI QEWEY FORMALASDİRDİ, AGİRLİQ, YAPİŞQANLİK EFFEKTİ VERMEDEN GOZEL BİR NETİCE ALDIM! RAZİ QALDİM! HEMDE ÇOX!",1
Eladi,1
mohtesemdi qaliciliqi superdi,1
çox gözəl sabitləyir,1
Cox gəşəngdir,1
qaliciligi mohtesemdir,1
super,1
çatdırılma əla və ödenişsiz məhsulda keyfiyyətli Təşəkurlər bimarket,1
super,1
Очень шикарный я очень довольный 10/10,1
beyendim,1
ela..Dəyər almaqa,1
мне очень понравилось ,1
"Qiymətinə görə normaldır. Görüntü keyfiyyəti biraz zəifdir, amma qiymətə görə başa düşüləndir.",1
Çox pis,0
super super,1
əla çox yaxşıdı.,1
TV yaxşı işləyir amma ƏDV verilmedi,1
"Açığı o qədər də bəyənmədim. Görüntü tam aydın deyil. Smarta ümumiyyətlə aidiyyatı  yoxdur. Bu qiymətə görə münasib hesab etmək olar hardasa, ancaq ümumən zəif məhsuldur",0
Qeşəydı əla,1
əla,1
Əladı bilsəydim iki ədəd edərdim mətbəxt üçün etmişdim kaş yataq otaqınada edərdim,1
"Bu modeldən 2 dəfə sifariş verdim. Qəşəy gəlib. Wifi, Bluetooth, Ekran yansıtma, USb , HDMi, S-Video və Analog TV funksiyaları çox qəşəy işləyir. Amma Youtube gurmək istəyəndə, brauzer üzərindən girir. Belə yaxşıdı.Məsləhətlidir. 👍",1
məhsulu bəyəndik üstəgəl tez çatdırıldı,1
çox gözəl və münasib qiymət👍👍👍,1
Junior daha iri olur. Cox rahatdir. Sehere kimi qupquru qalir korpem. Kecirtmir Bir sozle mukemmel,1
"bununla artıq 4-cü 5-ci sifarişimdir ki, verirəm çox razıyam, hər dəfə sifariş verəndə cüt formada verirəm",1
ela keyfiyetlidi,1
möhtəşəm çox sağolun,1
"omronu tanidgim ucun sifaris verdim isleyir, birmarket asan alis veris yoludur tesekkurler.",1
bu gün aldım. açdım işləmədi geri qaytaracam,1
ela 👍 2 eded aldiq biz Cox yaxsi geldi cixdi,1
zəmanət talonu bosdur,0
bəyənmədim,0
Супер,1
Bəyəndim kiçik hədiyyə üçündə sağolun🙏🏼,1
"Çox gözəl kremdir😍, quru dərisi olanlar mütləq alsın, arıq 3,4səfərdi alıram mükəmməlll😍😍",1
Çox gözəl həmişə işlətdiyim kremdir,1
Original mehsuldu. Cox eladi,1
Meshul orginaldi.Goturme menteqesinde mehsullarini originalligini yoxlayib daha sonra odeniwi edib goturdum mehsullari,1
qeseydi,1
"Beyendim tovsiyye edirem,tesekkurler:)",1
Super,1
"Belke de en gozel saticidir✨ her şey yuksek seviyyede, hediyyelere gore ayrica cox cox sagolun☺️",1
Seliqeli formada gonderildi,1
çox gözəl mükəmməl. kiçik hədiyyə üçün təşəkkürlər.,1
cox gozeldir illerdi isletdiyim mehsul basqa secim etmirem bioderma olan bir yerde . ailelikce isledirem tesdir ucunde tesekkur edirem . tekrar eynisini vurdum qizim ucunde,1
Sadəcə əladır.👍🏻,1
çox qəşəydi beyendim hamıya töviye edirem,1
üzümü səpdirdi😑,0
beyendim,1
"Замечательный набор, оба средства хороши для атопичной/сухой кожи. Большой обьем средства, хватит надолго. Заказала и себе и подруге на подарок",1
çox gözəldir mənim üzüm sepirdi deye her nemlendirciden istifadə edə bilmirdim ama bu çox gözəldi,1
ugun qiymətə aldim endirimlə hemde yuma qeli ile heleki isletmemisem ama mehsul problemsiz əlimə ulasdi,1
qiymet eladi,1
"çox gözəldi, yaxşı nəmləndirir. Üzdə yaranan səpgilərə də yaxşı təsir edir.",1
super cox beyendim deri qurular ucun ideal bir krem,1
Очень классная цена за 2 продукта. Довольна покупкой.,1
Mem beyendin kremi hele o biri uz yuma gelini istifade etmemiwem am kremi beyendim yaxwidir🫶🏻👍🏻,1
Tesekkurler Umico. her 2si cox gozeldir. Uz yuma  geli uzu ayna kimi edir. krem de yaxwidir💕,1
Üz yuma jeli üzümü sepdirdi ele bilirem krem isə həmişəki kimi ela,1
Kremi çox bəyəndim.,1
Mukemmel nemlendirici,1
👍Ela,1
superrrrr,1
super nemlendirir,1
Uşaqlarada ürey rahatlığı ilə istifade ede biləcəyiniz super məhsuldu həqiqətən👍👍👍,1
Əla. Orijinal məhsul,1
Bioderma krem və üz yuma geli orginaldır.Hədiyyəniz üçün də təşəkkür edirəm.Əladır👍🏻,1
Tesekkur edirem orginaldi hamisi ve hediyyeleriniz eladi,1
Çox gözəldir təşəkkür edirəm,1
"qablasmasi , catdirilmasi super. cox da gozel mehsuldur. hele minnos hediyyeye gore cox sagolun 🤭",1
"çox bəyəndim. qablaşma, çatdırlma yüksək səviyyədə idi. hədiyyənin üstündə kiçik hədiyyəyə görə çox sağ olun.",1
Cox gozeldi🙏catdirilmada super,1
daha istifadə etmədim amma hər şey qaydasındadır kimi görünür. təşəkkürlər hədiyyə üçündə),1
Ela mehsul,1
çox gözəldir bəyəndim təşəkkürlər,1
"Очень выгодно, крем бесподобный, беру не первый раз уже. Спасибо за подарочек в посылке <3",1
Превосходно,1
ela,1
Cox beyendim,1
Chox gozel nemlendirir.,1
Eqzamama çox kömek eledi🙏🏻,1
çox yaxşıdır,1
Men beyendim. Aldigim gunden beri istifade edirem,1
mohteşem,1
"Наверное лучшее средство для сухой кожи. После него кожа как у младенца 😍 отдельное спасибо за подарок, пробник солнцезащитного крема, как раз искала🙏🏻 обязательно куплю еще что-нибудь у данного продавца",1
uyğun qiymətə əldə etdim,1
Всегда беру от биодермы увлажняющий крем и но гель для умывания буду пробывать в первые и спасибо за пробники,1
Original və keyfiyyətlidir. Tester günəş kremi və miselyar su hədiyyə edilmişdi. Çox bəyəndim,1
"товар отличный, доставка вовремя",1
Очень хорошо увлажняет. Просто восхитительный продукт🪄,1
almaq istəyən düşünmədən ala bilər. sadəcə köpük vuran qabı kiçik və keyfiyyətli deyil. mən yeni köpük vurmağa əlavə qab aldım məhsul özü yaxşıdır,1
super,1
Əla,1
yaxşı keyfyetli,1
marlya kimi nazikdir. hemde olculeri 2 sm balacadir.,0
elede yaxsi deil beyenmedim,0
"Süper bir məhsul,almağa dəyər👍",1
"Yaxşıdır, məsləhət görürəm",1
Əladı,1
Çox yaxşı qurudur bir dəfə bütün maşını quruladım,1
Super,1
Düşünmədən alın👍🏻,1
Çox gözəl məhsuldur. Almağa dəyər.,1
Suyu yaxsi çəkir,1
super,1
"əladı, çox memnun qaldım",1
dəsmal möhtəşəmdir 2 cisini almağı düşünürım,1
əla super,1
super,1
Çox gözəldi,1
Əla,1
Hər kəsə tövsiyə edirəm! Mükəmməl məhsuldur! Tam vaxtında da çatdırdılar!,1
"keyfiyyətlidir, hətta üzəeində hədiyyədə göndərdilər.",1
Super,1
"Idealdir almaga meslehet gorurem 
Cox gozel su saxlayir ozunde mashini qurudur",1
normaldir,1
Çox gözəldi 1 dəfə silməklə tez və rahat.İkinci dəfədən üzərindən getməyə ehtiyac qalmır.,1
Super 👍,1
Əla məhsul,1
Möhtəşəm,1
ortadir,0
Qulpu defektli gelsede  çox beyendik,1
Очень осталась довольна покупкой. все на месте и очень качественно. Рекомендую,1
əladı. təşəkkür edirəm.,1
ozun ucun iş verir yaxşidi,1
Əladır həqiqətən istifadə etdik razı qaldım.,1
Очень качественное средство,1
"Əla, bəyəndim.",1
qiymətinə görə super zor əla,1
"Tam orijinal telefondur, qiyməti də sərfəlidir, tövsiyə edirəm.",1
Elaa🌟 cox razi qaldim. Tesekkurler 😍,1
əladır. çox razıyam qiymət superdi. birində alaram bu qiymətə düşsə,1
Super👍🏻,1
Tam vaxtında tehvil verildi ve uyğun qiymete elde etdim,1
əla,1
"Məhsul  xoşuma gəlmədi, zəif yuyur",0
Orijinal məhsuldur və qiyməti çox münasibdir(96 ədəd 35 manat),1
original məhsuldu. tərəddüdsüz alın. marketlərdən ucuzdu,1
normal magazadan bir az ucuzudur,1
Artıq ikinci dəfədir sifariş verirəm. Çox əladır,1
Очень классный товар. Покупать в Бирмаркет вдвойне выгодно! Спасибо!!!,1
Çox super,1
mehsul gozel qablawdirilmiwdi ve iwdedirem heqiqeten eladi,1
"ela , keyfiyyetli mal ve suretli catdirilma",1
Ama birazda ucuz olsaydı əla olardı,1
Super. Xidmet hemiselik kimi eladir.,1
ela,1
məhsul muthiş,1
çox gözəl.çox razı qaldım.Fayry bir dənədir,1
ela.cox yaxshi,1
"Keyfiyyəti ortada olan məhsuldur, endirimdə qiyməti çox sərf edirdi",1
superdi.qabları parıldatdı. möhtəşəm,1
Məhsul əladır daim istifadə edirik. Çatdırlma xidmətini çox bəyəndik.,1
Cox ela cox beyendim tewekkur ♥️,1
Super. Hərşey şəkildəki kimi və keyfiyyətli. Satıcıya da təşəkkür edirəm 👍🙏,1
Əladır və keyfiyətlidir,1
ela,1
Отлично!,1
çox yaxşı,1
əla endirimdir olduğu kimi gəldi təşəkkürlər Fariy kapsulları maşını çox yaxşı saxlayır həmdə təmiz yuyur,1
👍👍👍əla,1
"Качественный товар, приемлемая цена,быстрая доставка",1
beyendim,1
cox gozel yuyur. leke saxlamir. meslehetlidir,1
Eladi cox sag olun,1
Cox razi qaldiq keyfiyyetli mehsuıdur orjinaıdi,1
cooox Raziyan 🫶🏻,1
"ela mehsuldur, tesekkurler!",1
cox razıyıq,1
eladi  rahatligla ala bilersiz,1
əla,1
çox yaxşı,1
super,1
artiq 6 aydi isledir oglum cox razi qalmisiq,1
"Məhsul çox yaxşıdır,heç bir problem yoxdur çatdırılma yaxşıdır sadəcə çek başqa məhsulun adına göndərilib məhsulun öz adına olan çek bir problem deyilsə göndərilsin zəhmət olmasa",1
super,1
cox razi qaldim.InwAllah keyfiyyetli olar mende ele sizden daima razi qalaram,1
"Новая приставка, никаких проблем нет. Не ведитесь на приставки за 800-900 манат. Берите качественно! Как говорится на азербайджанском — ucuz ətin şorabası olmaz.)",1
2 gündür istifadə edirəm. Heç bir problemə rast gəlmirəm. Təşəkkürlər ☺️.,1
"əla, çox razı qaldım..",1
ela qeseydi,1
Teşekkür ederim cox beyendik,1
Super və qeyri adi iyi var .şablon ətir deyil .mükəmməldi .məsləhət görürəm.qiymətə görə normaldı,1
"Orijinal və gözəl məhsullar yalnız Birmarketdə.Çox gözəl məhsuldur.Tez çatdırıldı.Yalnız siferblat biraz kiçikdir, yəni şəkildəki kimi böyük deyil gövdəsi.Qalan hər şeyi superdir Təşəkkürlər Birmarket, Təşəkkürlər Umico ✅✅✅",1
qiymətinə görə yaxşıdır,1
bəyəndim təşəkkürlər,1
Yaxsıdı,1
Pis deyil İDARƏ edər,1
dəf kimi,1
saat hissəsi işləyir. bileklik hissəsi bərbaddır zamoku əyridir və açılıb bağlanması dəfələrlə cəhd edənden sora alınar ya yox adamı əsəb edir həm de çox küt ilişir. Uzunluğunu da qısaltmaq demək olar mümkün deyil gərək xüsusi avadanlıq olsun.,0
😍😍😍😍😍,1
Saat işləmir. Çox keyfiyyətsizdir. Qaytarmaq istəyirəm,0
əla saatdı sadəcə qablaşmada gəlmir,1
Qiymətinə görə əladı,1
Sərin matrealdadi sırf yay üçün,1
qiymetine göre eladı,1
Gözlədiyimdən mükəmməl cıxdı,1
qəşəy məhsuldur,1
şüşəni əla silir avto,1
mehsulu aldim isdifade eledim eladir👍👍,1
"Əla yaxşi təmiz götürür suyu leke buraxmir, Ugurlarr.",1
coxx süperdi hər kəsə tövsüyə edirəm maşını quruladim dəsmali sixmadan süperdi iz ləkə buraxmir yenə alacam bu qiymətə bu kefiyyət süperdi,1
cox yaxşi,1
"Eladi , elave olaraq boyuk olcunu almaq isdeyirem",1
Almağa dəyər.yumşaq materialı var,1
superdir suyu çox gözəl çəkir,1
Cox gozel mehsuldu👍👍👍,1
qiymətə görə əladı,1
qiymətə görə əladı,1
Ela mehsuldu,1
çox yaxşı suyu özünə çəkir 1 ədəd almışdım bəyəndim ikincisini sifariş etdim ölçüsü də yaxşıdı.,1
Səviyyə birşeydi 👍,1
Qiymətinə görə çox yaxşı desmaldi su çekmeyi yaxşıdı,1
Qiymətinə görə yaxşıdır,1
yaxşıdır qiymətidə əla,1
yumuşaq,1
Əladı,1
qiymətinə görə əladır.rahatlıqla ala bilərsiniz. mən 3 ədəd aldım.,1
çox süper di almağa dəyər,1
Cox keyfiyyatli mahsuldur.👍,1
Ela. Almaga deyer yumuşaq Təşəkkürlər👍🤝,1
əla matiral,1
keyfiyyətlidir çox yumuşaqdır polirovka üçün əladı birdə maşının salonu üçün idealdı qiyməti də əladı,1
Əla dəsmaldı balacadı keyfiyyətlidi,1
isdfade etdim həqiqətən yaxsidi,1
palirovka edəndən sonra silmək üçün əladır,1
"Keyfiyyəti əladır,hər kəsə lazım olan məhsul,qiyməti ucuz,sərfəli ,çox sağ olun",1
Həqiqətən də Çox Super Dəsmaldır. Çox Rahat və Yunuşaqdır. Belə olacağını təsəvvür edə bilməzdim. Və İstifadə etdikdə də Avtomobildəki suyu rahat götürür . bu məhsul üçün təşəkkür edirəm sizə,1
super parca di mashinucun bombadi ve neinki mashinucun hetda ev de stol stul yaxshi silinir.,1
çox yaxşı dəsmaldır razı qaldım super,1
çox yaxşıdı məsləhət görürəm,1
Əla,1
əla,1
гоз кими 👍🏼,1
"Çatdırılma yaxşı, təşəkkürlər",1
eladir,1
Отлично,1
ela gozel etri var,1
super,1
çox gözəl kitabdır. karqolamasıda çox yaxşı idi,1
ela,1
çox gözel kitabdı səliqəli şəkildədə geldi,1
çox super.,1
"Çox qəşəng gəlib, qablaşması, teksturası əladır",1
Əla,1
Satici gozel sekilde baglama etmisdi.Cox razi qaldim xidmetden,1
Məhsul səliqəli şəkildə gəldi.Bəyəndim,1
əladır çoxx bəyəndimm,1
"Salam,men mehsulu beyendim tez hopur yapsqanliq hissi qoymur,ama menim  cox quru ve yetkin derim ucun yunguldu dusunurem,qizima verdim istifade etdi beyendi,narahat eden iyi yoxdu",1
cox gozel bir mehsuldur keyfiyetli super,1
yaxşıdı qiyməti yüksədi məncə ama,1
super,1
məhsul qırıq qırıq gəldi xaiş olunur ki şikayətə baxasız,0
Razi qaldim tövsiyye edirem.,1
Tövsiyə edirəm,1
cox sag olun eladı.,1
super,1
əla super,1
normal biraz səs verir geri qalan normaldır,0
Yaxşıdır.,1
Отлично спасибо за товар и за доставку,1
Yaxşıdır,1
əladi,1
Cox razi qaldim meslehet gorurem her kese,1
"Oğlum üçün aldım. çox rahatdı,  bəyəndik. Qiyməti də münasibdir",1
yaxsidi almaga deyer,1
Çox defektli ve berbad,0
çox superdir eladı,1
keyfiyyetlidi,1
razıyam,1
Əla. Çox rahatdı,1
Cox əladi,1
yaxşıdır uzunmuddətdir almişam hələki bir şikayətim yoxdur,1
almaqa deyer cox rahat mohkem mehsuldu 5+,1
normal 👍,1
Əladır,1
Əla,1
Очень хорошо ложиться и цвет лица выглядит приятным,1
Yaxşıdır,1
əla👍,1
möhdeşem,1
bəyəndim.,1
Çox bəyəndim.,1
"Довольна продуктом,доставка и упаковка отличная. спасибо Kerna perfumes.",1
Super hemde cox,1
"Anam üçün almışdım ilk dəfə, çoox razı qaldı.Bu ikinci sifarişimdir",1
Elaaa🥰,1
"Catdırılmanı cox bəyəndim 
Tərəddüt edirdim almaq ücün ama  bəyəndim 
Daha başqa ölkələrdən alış veriş etmiyəcəm😍
Məhsulu da bəyəndim 1 ,80 qəpik ücün cox performans gözləmək də bir az yaxşı deyil 
Ama idarə edər",1
əladr mən bəyəndim,1
yaxwidir,1
"Ameera Cosmetics satıcısından aldıq, mükəmməldi. Təşəkkürlər",1
cox gozəl məhsuldur yenədə sifariş  verdim,1
bu məhsul bu qiymətə çox yaxşıdı keyfiyyətlidi hədsiz dərəcədə çox bəyəndim.alıb istifadə etməyə dəyər . çox sağolun bu keyfiyyətə görə,1
çox gözəl Əla bəyənirem,1
əla,1
cox cox qəşəng di tekrar təkrar aldigim məhsuldu,1
"Qəşəngdir!Keyfiyyətlidir.Yaxşı kremdir,yaxşı da gəlib.",1
Eladi,1
База просто отличная. Уже наверное десятую заказываю. 👍👍👍,1
cox gozel mehsuldu cox beyendim,1
əladi.cox sagolun 🙏,1
super tesekkur edirem,1
cox qəşəng mehsuldu,1
"Yaxşıdır, səpki yaratmır həssas dəriyə",1
çox super bir məhsuldu mən hömişə alıramm yararlanlram sizə də məsləhət görərəm qiyməti də münasibdii,0
каждый раз заказываю. отличный,1
qurtardıqca aldığım nəmləndirici,1
əla mehsuldu,1
çox gözel mehsuldu 3 cü defedir alıram,1
normal,1
Cox gözel sevdim,1
Superdir,1
Qəşəngdi qurtardıqcan alıram,1
super,1
Hec ıyı deyıl,0
çox yaxşı,1
normal,1
Əladi,1
süper bir mehsuldu cox sag olun,1
eladi,1
Ela.tovsiye olunur,1
Çox bərbad bir məhsuldu. Rəngi çox açıqdı.,0
beli bəyəndim çox təşəkkürlər,1
Ela cox sag olun,1
gozeldi,1
gözəl idi,1
Əlaaa💕,1
Super,1
yaxşıdı mən bəyəndim almağa dəyər,1
super qiyməti,1
eladı,1
əla artıq neçəncisidi allram. təşəkkürlər birmarket,1
əladııı,1
"Men beyendim,heç üstüne tonal vurmuram üzümde tonal varmış kimi görünür,deri tonunu beraberleşdirir,bitdikde yeniden alacam",1
superdi,1
cox mukəməl,1
Pis deyil ama üzü çox yaglandirir,0
Təşəkkürlər keyfiyət əla👍🥰,1
çox əla qiremdi bəyənirəm👍👍👍,0
🙈🙈🙈eynı sekıldekı kımı,1
bunan çoxx xosum geldi qesey bir şeydi ama ki üzüde sonra quruyur nemm qalmır yapışqan kimi olur,0
əla,1
super,1
"Yaxşıdı,qiymətinə görə.",1
gözelll,1
super,1
Cox gozeldi superdi ortuculuyu de biten kimi yeniden zakaz edecem,1
yaxsidi,1
Kuryerin medeni davranisi ve mehsulun kefiyyetine gore minnetdaram,1
Əla kremdi ikincidəfədi alıram,1
möhtəşəm,1
superdi almaqa dəyər,1
çox pisdi üzümü sədridir,0
çox geseng👍👍,1
İllərdir istifadə etdiyim qiymətinə görə ən yaxşısı 🙏,1
Mən bəyəndim tekusturası gözəldir,1
kiymetine gore gozeldi,1
bu məhsula söhbət yoxdu neçənci dəfədi vururam.qablaşması sapbasağlam.keffiyəti isə super,1
aladı cox bəyəndim,1
mohtesemdi❤️tesekkurler,1
"ela çox gözəl di ,hamıya tövsiyyə edirəm teşekkürler ☺️",1
Ela,1
Супер за свою цену,1
çox gözəl ..çox bəyəndim ..çox sağ olun ...,1
Yoldaşım üçün aldım bəyəndi təşəkkürlər.,1
Çox bəyəndim. Təşəkkürlər😊,1
superdi,1
əla,1
Super,1
ela,1
əla,1
Vaxtında gəldi. məhsul da əladır.,1
bəyəndim,1
ela,1
Bəyəndim,1
əladı,1
ikincisi di sifariş etmişəm,1
ela,1
Çox çox əla 👍🏻 sağol birmarket umico,1
çox gözəl qablaşdirma,1
Bu qiymete super mehsuldur.Qeşeng ortùcù terkibi var. Tonal krema ehtiyac yoxdur. Men beyendim.,1
beyendim cox sagolun,1
Əladır amma gözlədiyimdən balaca gəldi,1
"Ela mehsul
Keyfiyettli 🫶🏻",1
superrrr,1
Əla,1
Coxxx ama coxx gozelldii.Alin aldirin uje 2ci sifarisimdii cox gozeldii.Biirnci alanda elebildimm uzum seper ama hhecne olmadi cox gozellldi😍😍😍😍😍,1
Cox gozeldir. Rahat ala bilersiz,1
Super mehsuldur endirimde olanda iki eded alib stokladim. Qoxusuda mohtesemdir .Uzde ne sepki ne qasinma yaratmir. o qiymete alanda tereddut etmisdim amma esla bele olmadi bu qiymete oz isini ela gorur tesehkkurler Birmarket❤️,1
mükəmməldii fərq görürəm 😍,1
super,1
tək kəlimə ilə möhtəşəm,1
"Прекрасный крем , под базу самое то 👍",1
əla,1
super,1
eladi ❤️tewwekurler birmarket kuryerleriniz mədəni işini peşarcasina həyata keçirdilər məhsulların keyfiyyətlidi,1
alın aldirin qiymətdə keyfiyyətdə super,1
çox xoşuma geldi.tonal krem çox qeseng oturur bu bazanı çəkdikdən sonra,1
yaxsidir,1
Yaxsi masuldu,1
mükemmel,1
superdi,1
beyendim,1
mehsul cox mohtesemdi beyendim,1
Cox keyfiyetli,1
Superdi,1
ƏLA,1
Əla!,1
yaxsi deyil,0
Cox gozel mehsuldu,1
ela qiymete,1
qəşəngdir 👍,1
Üzü işıl işıl edir🤍🫧,1
superitos,1
"Mesameleri super gizledir, qoxusu da qeshengdirr.",1
makyaj bazası kimi yaxşıdir,1
Cox qəşəng bəyəndim,1
super məhsul eyni şəkildəki kimidir iyide qeseydi biraz durudur,1
Çox pisdir,0
"Все идеально, и хорошо впитывается в кожу, и так же хорошо увлажняет кожу перед макияжем, советую. Но так же рекомендую не забывать то что нужно мыть сначало лицо наносить крем лица и снова смывать и наносить Базу, что бы более лучше впиталось.",1
Super mehsuldu çox beyendim,1
Təşəkkürlər,1
Cox komeyi deydi umicoda bele mallarin olmasi.Ehtiyac duyuldigu anda sifaris ve catdirilma cox gozeldir,1
tonal kremden evvel vururam Cox gözel.parlaq ve canlı görünür üzüm,1
super,1
elede güclü məhsul deyil.. birşey anlaya bilmedim.. çox zəif,0
eladi hemiwe istifade edirem,1
əla,1
sevmedim.uzumu sepdirdi,0
yaxsi,1
ela,1
qewegdi,1
Очень классный запах и текстура.,1
şəkildə necədi elədə geldi çox sağolun,1
super👍🏻,1
qəşəngdir,1
Yaxşıdır. Təşəkkürlər.,1
çox gözəl,1
👍🏻 qiymtine gore ela mehsuldur,1
superdir,0
bəyəndim,1
qoxusu gözəldir tekusturasıda çox bəyəndim,1
əladı,1
Cox gozeldir beyendim,1
qəşəngdi amma mənə yaşıl rəngdə gəldi. üç rəngli gəlmədi. amma məhsul əladır,1
sifarişim gəldi. zədələnmədən sağlam şəkildə təhvil aldım. teksturası çox yumşaqdı su kimidi demək olar ki. dəriyə hopur və dəri rəngi ilə bütünləşir. yağlılıq hissi buraxmır,1
yaxşıdı,1
super,1
super,1
tonalin uzde otumagina cox komek edir,1
üzdə qaldiqdan bir müddət sonra çox parlaq olur,0
çox gözəl inanmazdım,1
Çox bəyəndim,1
cox beyendim👍🏻,1
Əla👏🏻,1
tewekkurler,1
"Əla bazadır ,nəmli kremə ehtiyac qalmır hətda üzdə dərin ləkə yoxdursa tonal əvəzidə işlədirəm , qiymətinəndə artıq haqqını verir .",1
"çox gözəldir, dərini nəmləndirir və parladır.",1
məhsulun 1 verilməyib,0
Отличная база под макияж!,1
bu qiymətə baza və mükəmməl,1
Almağa dəyər bir məhsuldur👍,1
Əladir ! Alin peşman olmayacaqiniz bir mehsuldur.,1
istifadə edirəm. çox yaxşıdır,1
"bəyəndim əladır, bu qədər qəşəy olacağını gpzləmirdim",1
əla qiymət,1
Çox bəyəndim👍,1
super 😍,1
Bu qiymətə belə bir mükəmməl məhsul ✨👍,1
"çox gözəl, möhtəşəm",1
Mükəmmmməəəəl həqiqətən alın👍🏻,1
"Çox qeşeydi, Teşekürler ❤️",1
çox xoşlarına gəldi,1
"хорошая база за свои деньги, но учтите что делает цвет лица посветлее",1
"Çox yungul teksturaya malikdir. Bildiyimiz nemlendirici krem kimidir .
Uzde çox hiss olunmur. Yumwag ve qizartilari örtduyune göre beyenirem. İkinci defe sifariw etdim .
Hediyye olaraq dirnaq nakleykalari qoyulmuwdu, teşekkür edirem. Qizlarim sevindi nakleykaya göre. Men ise munasib olduguna göre yeniden bu mehsuldan istifade edirem. Yegane nüans qablawdirilma balacadir, lakin qiymetine göre oda göze batası deyil",1
Super👍,1
"məhsulda əladı və çatdırılmada gözlədiyimnəndə tez gəldi,çox təşəkkür edirəm.)",1
soper,1
çox gözəl məhsulda çatdırılmada super təşəkkürlər umico,1
"Çox bəyəndim və yenə 2 dənə aldım, digər yerlərdə 7-8 manatdı",1
хороший товар. легко ложится на кожу и впитывается быстро. реклмендую,1
çox gözəldir,1
məsulu düşünmədən ala bilərsiniz əziz xanımlar,1
Bunu bəyənirəm həmişəki kimi),1
gözəldi,1
beyendm ama baza kimi deyl ela agardicidi,1
çox gözəl 😅,1
normal,1
Çox yaxşı bəyəndim,1
Əla👍🏻,1
heqeten çhox gözəl məhsul du sevərək istifadə edirəm,1
əla,1
bir sozle ela❤️,1
Tək kəlimə ilə möhtəşəm,1
əlaaa,1
otlicnıy baza pod makiyaj. mne ocen panravilos. skrıvayet morşin.,1
очень довольна  товаром. отличная текстура .ложится ровно. рекомендую,1
əla,1
super uzu suse kimi edir😊ilk defeydi alirdim ama cox memnunam,1
"ilk sifarisim gəlib cixmadigi ucun ikinci dəfə sifaris etdim, vaxtinda gəldi sukr..",1
Супер,1
Əladı,1
отлично,1
Mükəmməl👍,1
"Супер средство, я очень довольна, спасибо большое всей бригаде Umico 😊👍🏻",1
mohtesem🫠,1
Möhtəşəm,1
superdi çox sağolun,1
çox qəşəng məhsuldur,1
münasib qiymət və keyfiyyətli məhsul,1
"çoxxx super birşeydir həqiqətən mənim üz dərimə hər şey düşmür ,bunu istifadə edib tonal tətbiq etdikdə effekt superdi🤌🏼😍😍😍",1
qəşəngdir bəyəndim,1
bir sözlə möhtəşəm çox bəyəndim 🥰,1
bir sözlə  möhtəşəm,1
qoxusu çox gözəldir,1
cox beyendim,1
yaxşıdı,1
Möhteşem,1
Super bazadi uzde qeseng durur tonal,1
çox gözəl bazadır və üzü hamar edir,1
ela mehsiuldur,1
"Ölçüsü - 35sm × 48,5sm. Sayı - 92 çıxdı. Qalınlıĝı orta, bundan naziyi də var. Yekun: Bu qiymətə və karqoya çox yaxın olmaĝım üçün razı qaldım.",1
əla,1
kağız nazikdir,1
Ucuz ve keyfiyyətli 100 ededdir,1
Ucuz və sərfəlidir. Bəyəndim.,1
əladi,1
çox nazik və keyfiyyətsiz kağızdır,0
Əladır,1
Çox gözəl. Təşəkkür edirəm,1
Yaxşidi,1
Yaxşı,1
süper,1
nəziy di,0
keyfiyyətli super,1
əla sərfəli,1
normal,1
Əladır.,1
əladı 👍,1
Qiymətinə göre yaxşıdir,1
Əla ucuz keyfiyəyətli,1
ela almaqa deyer tşk edirəm .....,1
Qiyməti münasibdir amma çox nazikdir. Yağışdan sonra ayaqaltında cırılır,0
bu qiymete deyer naziy kağızda olsa hazır yağışlarda başlayıb day qiymetin qaldırmayın😂,1
Adi vərəq kimi nazikdi mən yayda işlədirəm qışda payızda suya palçığa davamlı olacağını gözləmirəm.,0
"5 azn -ə 100 ədəd kağız ayaqaltı yaxşıdı, düzdü sədərək tm -də qiymət 3 azn amma ora kimdi gedən )",1
əla çox xoşuma gəldi,1
"Ishletdim ev islerine yaxsidi, gucu zeif olsada ev isleri ucun idealdir",1
ela,1
salam mehsul geldir eladır ancaq edv niye verilmedi her zaman verilirdi?,1
Aldim yaxşidi təşəkürlər,1
Yaxşıdır.,1
süperdi  almisam,1
əla,1
tanınmış firma alətidir keyfiyyətinə söz yozdu,1
əla 👍,1
çox gözəl super,1
elaaa,1
Yaxşıdır,1
Superrr,1
ağ qalır qaşda bəyənmədim,0
gözəl mehsul,1
"Əla bir məhsuldur , ❤️",1
Qəşəngdir,1
çox bəyəndim,1
Superdi doğurdanda sanki kleydi gün boyinca qalır Makiyaj təmizləmə suyu ilə güclə təmizlədim),1
sabitlemesi ela ag iz buraxir,0
super kley kimi yapsidirir qaslari,1
qarşımda ağardı,0
çox möhtəşəm bir məhsuldur sevə sevə işlədirəm çox bəyənirəm səni sevirəm GOLDEN ROSE min bahalı markanı geride qoyur ❤️,1
ela,1
"Gün boyu sabit qaşlar, ağ-ağ buraxmamasıı😩
Möhtəşəmdi qaş sabitləyici istifadə etmirem normalda amma bunu təriflədilər bir yoxlayım dedim yaxşıki almşam artıq əlimdən düşməyəcək məhsuldur👍🏻",1
çox gözəl,1
superdi men beyendimm☺️,1
elaaa,1
"Bir balaca ağardır qaşı,amma büten gen qalıcıdır.",1
yaxşıdı amma içi çox azdı,0
superdi soz.ola bilmez defelernendi aliram,1
Eladi🤩,1
Cox gözeldi 🥰,1
Həqiqətən tərifləndiyi kimi varmiş gün boyu qaşımı sabitledi,1
10 dan çox qaş məhsulu işlətmişəm.Ama bu məhsul kimi səhərdən axşama kimi qaşları necə var elədə sabit saxlayan gel görməmişəm.Bir sözlə möhtəşəm👏💗,1
ortadi,1
Super,1
ela sabitleyir gün boyu qalicidir,1
əladı çox bəyəndimmmm. səhər istifadə etmişdim axşama kimi olduğu kimi qaldı. hələ yatıb durmuşam da hahahah💖🌷✨,1
Ən yaxşı qaş sabitləyicidir.,1
Süper 🤩🙃👍🏻👍🏻,1
Bəyəndim,1
Superdir qızlar almağa dəyər🌹,1
Mükəmməl qaş sabitləyicisidir. Tövsiyə edirəm.,1
Bəyəndimmmm əladır.,1
"Yaxşıdır məncə,qaşları sabit saxlayır,ağlıq buraxmadı məndə",1
"Aysel cosmetics parfumdən aldım,razıyam💗",1
"Həqiqətəndə superdiiii😍😍yaxşı ki ,almışam. Gün boyu qalıcılıq mükəmməldir və ən əsası ağ görüntü buraxmır qaşda.",1
Ağardır bəyənmədim,0
Qaşları yaxşı sabitləyir bəyəndim,1
içinde çox azdır. bidliyiniz dibinde,0
gəşəng sabitliyir amma qaşlarımı tökdü,0
Mohtesemdiiii agarmirr saatlarca nece var elede qalir. 😍😍😍,1
Qızlar çooox bombadıı deyildiyi qədər var şiddətlə tövsiyyə edirəm alın aldırın👌🫠,1
Super çox yaxşıdı,1
Super,1
superdi bahalı markalarla eyni performansdadı,1
Mukemmel!,1
çox mükəmməl,1
Çox yaxşıdır,1
yaxsidir,1
çox yaxşdı bəyəndim,1
"O qədər gözəldirki heç ağ ağ qalmır qaşda və necə sabitləyirsizsə, yuyana qədər getmir günboyu qalır. 😍😍😍😍😍😍😍😍😍😍😍",1
Super,1
Hədsiz dərəcədə möhtəşəb sabitləyicidir alın aldırın. Çox marka yoxlamışam bu qədər əla qalın qaş sabitləyən qaş geli tanımıram superdii,1
Cox gözel,1
Qaşda ag ləkələr saxlayır iyrenc. İr şeydi . Almayın qəti,0
superdi heqiqeten👍,1
qəşəngdi,1
Möhtəşəm sadəcə,1
supeeer,1
"Очень хороший, не оставляет белых следов",1
"Cox pis keyfiyyetsuz ,məhsuldur.Kley kimi yap6sir qasa",0
Beyendm agliq falan buraxmir eladir gun boyuda sabit saxlayir,1
Çox yaxşı sabitləyir bəyəndim👍,1
sabit saxlasa da qaşda ağ izlər buraxır.,0
çox qəşəydi ağartı etmir,1
ela,1
Qalın qaşlılar üçün yaxşı sabitləyir,1
"çox tərifləyirdilər, aldım amma saqqız kimi yapışqandır, bəyənmədim👎👎üstlik miqdarı da çox azdır.",0
mütləq alın,1
"Bahalı markaları almağa ehtiyac yoxdur,əla məhsuldur,ağ ağ qalmır,gün boyu qaş yerinnən oynamır",1
Super. Artiq necenci defedir aliram. Keyfiyyeti qoruyurlar.,1
Ətri və dadı superdi bitsin 1 kq olanı alacam,1
"пишу честный отзыв, может кому то поможет, кофе мне понравился! Покупаю вторую маленькую пачку, хорошее соответствие цены и вкуса.",1
bəyənmədim dadı acı və tünd heç qoxusu yoxdur,0
отлично 👍 супер,1
dadini beyendim. balacasini sinamaqcun aldim boyuyunu isteyirem alim. kampaniyalar olsa lap ela olar🤌🤌🤌,1
Bəyənirəm və daim alıram,1
Super ətri var tam istədiyim kimi👍🏻👍🏻👍🏻,1
"Yoxlamaq üçün 200 qram almishdim, gözel etirli ela dadi var 👍🏼 Çox tursh deyil. 1 kiloqram olanindan alacam. Teshekkurler",1
Не вкусный кофе .ужасный вкус!,0
"Совсем не вкусный кофе, много рабусты",0
eladiiiiii,1
Кофе вкусный и очень ароматный.Рекомендую👍,1
çox gözəl gəhvədir,1
"Məhsulun keyfiyyəti, qoxusu və dadı qiymətinə görə çox yaxşı idi. Məsləhətlidir.
Sadəcə qeyd edim ki məhsul üyüdülmüş deyil, dən formasındadır.",1
"Əladır. yeni qovrulmuş ətirli, həmdə yerli istehsal.",1
Шикарный кофе,1
"Yaxısır. Təzə qovrulmuş qəhvə, üzərində hətta yağlığı bilinir, dənələr parlaqdır.",1
"Cox beyendim 
Tesekkurler 😍",1
ƏLA!!!,1
Хороший кофе,1
"Быстрая доставка. Вкусный кофе, не кислый",1
"Qiymətinə görə yaxşıdır, mokapotda da yaxşı alınır. Mən bəyəndim",1
"очень вкусный,насыщенный. Аромат приятный. Рекомендую всем любителям кофе 👍👍🥰",1
Очень вкусный кофе!,1
Очень понравился и этот кофе тоже. Вкус просто супер!,1
🤤🤤🤤🤤,1
AllGoods Distributions saticisindan aldim. Tesekkurler,1
"men artiq uzun middetdir ki ise eve bu kofeden aliram, cox beyenilir, zamaninda gozel paketleme ile catdirirlar🙏🏽",1
super qaynag edir,1
əla,1
əla,1
Cox ela bezdir körpe rahat yatir,1
təşəkkür,1
keyfiyet ela,1
çox gözəl bəyəndim. Qiymətde her bir yerdən ucuz və sərfəli. catırlamada tez və gözəl. hər şey şəffafdır,1
4ildi oğlum üçün istifadə edirəm qiymətinə görə keyfiyyəti 10+di sıfır səpki qızarıqlıq👍🏻,1
Küçə pişikləri üçün əla seçimdir ,1
Ela😍,1
her zamanki kimi cox gozel paketleme ve catdirilma vaxtinda olur.artiq defelerle sifaris edirem.cox sagolun.,1
"pişik razıdır, həvəslə yeyir",1
Çox mukemmel,1
ƏLADİR ALMAQ İSDƏYƏNLƏRƏ TÖFSYƏ EDİRƏM ALIN,1
2 ci paketi aldım. çooox əladır🤌,1
Chox suretli hazirlanin kargoya tehvil verildi. Paketlenmesi seliqeli ozenli. Kichik hediyyenide pisiyim chox beyendi😇chox saagolun,1
спасибо за заказ. кошки довольно. но пожалуйста в следующий раз не надо каждую пакетик корма упаковывать отдельно в пластиковые пакеты. это неудобно и не экологично использовать столько пластика,1
möhtəşəm,1
əlaaa,1
отлично. спасибо за скидочные акции на такие товары,1
Pişiklər ləzzətlə yeyir,1
кошке нравится,1
Əla dəyər,1
yaxşı,1
sekilde nece var ele de geldi ela,1
navo avtodan almşdm səhv yollamşdılar ama siz düz yolladız və keyfiyətli gəldi nissan noteyə tam uyğundur,1
super keyfiyet,1
super,1
"Самые любимые, без минусов",1
Çox razı qaldım.❤️,1
Cox bəyəndim,1
beyendim,1
Yaxwidi mamam terifliyir,1
Bağlama yaxşı çıxdı. Sağ olsunlar adapterdə əlavə ediblər. Keyfiyyətli maldı.,1
Əla işləyir!,1
"Yaxşı,əla.",1
"Удобный, качественный. Пользуюсь подключая в ток, но можно и с помощью батареек. Citizen отличная марка",1
əla,1
Çox yaxşı məhsuldur 👍,1
çox yaxşı. təşəkkürlər,1
mənim ücün əla oldu cox gesengdi.yaxşı məhsuldu.,1
"Хороший тонометр, нормально работает, но продавец также приятно удивил. Обычно в комплекте адаптер не прилагается, а он поставил его, как подарок. Спасибо за это👍👍👍",1
"1 cini ölçürsen normal göstərir arxa arxaya 2 və 3 dəfə ölçəndə artıq fərqli rəqəmlər göstərir ki, bununda birinci ilə heç bir əlaqəsi yoxdur. bəlkə mən düzgün istifadə edə bilmirəm??",1
Çox razı qaldım.Təşəkkürlər!,1
Çox rahatdir istifadəsi,1
cox yaxsidi 2gunə gəldi,1
bəyəndim,1
yaxsidi cox sagolun,1
всем рекомендую,1
cox yaxsi keyfiyetlidi almağa deyer,1
"cox yaxşı apparatdı, yaxşı işləyir",1
"əla işləyir,razı qaldım",1
ela 👍👍👍👍,1
Eladı,1
работает отлично,1
"Cox yaxsidir, həm, batareya, hemde adaptor ilə isletmek olur, superdi",1
çox əladi,1
Bu tonometr nəbzi göstərir mi ?,1
"Самые любимые, без минусов, двоим детям покупаем",1
"Всегда брала у этого продавца подгузники, но эта пачка вышла бракованная. С внутренней стороны, где резинка, там все в масле, ребенок пачкается, и есть такие подгузники, где не склеено. Сразу выкидываю. Недовольна покупкой.",0
"Biz cox beyendik sizdirmir narahat etmir,2-3 saatdan bir deyisirem.",1
"Сравнивая цены везде, самые бюджетные здесь. Памперсы конечно не вау, есть с чем сравнить. Но для домашней носки сойдут.",1
"очень хорошие, не протекают, легко надевать",1
eladi,1
Çox razı qaldım❤️,1
bu qiymete ela.tarixide yerinde,1
"Все супер, спасибо.",1
eladi,1
Əla çox gözəl təşəkkürlər🤭,1
Super👍🏽,1
əladı 👍,1
Əla gəldi. Bəyəndim. Tövsiyə edirəm,1
Mükemmel,1
"Super, heçbir problem yaşamadım. Tam işlek idi, Teşekkür edirem.",1
Xarab məhsul göndərirlər məsləhət görmürəm,0
Əla 1 həftədi aldığım heç bir problemi yoxdu,1
ela!,1
super,1
Əla,1
Rulun sag berkidilen hissesi ne ashagi gedir ne de yuxari,0
Bomba kimi işitiyir,1
Əladir,1
Çoox super,1
Məhsul gözlədiyim kimi idi vaxtinda çatdirildi heçbir narazıçılıq yoxdur. Satıcıya təşəkkürlərimi bildirirəm. Diqqətizə görə sağolun.,1
всё было идеально,1
Çox çox ağır məhsuldur. 5 gün içdim elə hiss edirdim ki nəfəsim dayanır. Qətiyyən almayın,0
sizden çox mal almisam çox raziyam bu kofenin efekti hec yoxdur sifir almaga deymez,0
Isdahi kesir 3 gun idi qebul elediyim 2 klo ariglamisdim almaga deyer bir mehsuldu,1
İcdiyim gündən iştahımı blokladı mükəmməl👍,1
4 gündür qəbul edirəm. Deməzdim iştahı tam kəsir. ınşallah sonda yenə reyimi yazacam,1
упаковка не опрятная но товар пока что хороший. пью 3 дня. аппетита совсем нет только воду и чай,1
çox əla məhsuldur. məsləhətli maldir,1
mohtesem,1
Əlaa,1
əla,1
👍👍👍,1
tesekkurler 1 gune catdirildi ve ela isleyir.,1
ela almaqa deyer,1
ela,1
Ela.,1
"Cox yaxşi tualet kağizidir, 32 rulon bu qiymətə əladir, necə diyərlər qiymət perfomans məhsuludur. Diqər marketlərdən  belə ucuz satirlar, həm ucuz alirsan həmdə cìbə qənaət edirsən. Endirimi qacirtmayin. Alin aldirin.",1
mukemmek....,1
Ela qiymet ela keyfiyyet,1
Cox eladı,1
bir az nazikdir diger firmalara nisbeten,1
qoxusu mükəmməldir,1
"Ofisə almışdıq, çox bəyəndik. Yenə seçimimiz bu olacaq",1
Uzun müddət kofe istifadə edən biri kimi deyə bilərəm ki bu qiymətə idealdir. Qovrulma tarixi yenidir. Əla dadı var tövsiyə edirəm,1
"Dadi qiymetine gore yaxshidir, deneleri iridir. Espresso üçün çox da sert deyil. Üzerinde de qeyd edildiyi kimi orta tünd qovrulub. Teshekkurler 👍🏼",1
"Açıqı, burdaki sonuncu rəyi oxudum, və düşündüm ki, rəy qərəzli yazılıb. Çünki bu qədər adam, müsbət rəy yazsın, bir adam bunun tam əskini - ola bilməz. Qəhvəni bu gün dadına baxdım, və 1* rəy verən müştəri düz yazıb. :) Ya, daha öncə alınan qəhvələr başqa olub, biz isə başqasından almışıq, ya da 5* verən yoldaşlar indiyədək yaxşı qəhvə içməyiblər.
Bu qəhvə ya çox aşaqı keyfiyyətlidir, ya qovrulmada problem var (öncədən əlaqə saxlamışdım, dedilər orta qovurulmadır), ya satıcı yalan danışır, bu arabika deyil... Nə isə, həqiqi mənada, heyif bu məhsula verilən puldan. Qəhvə sevənlərə məsləhət görmürəm.",0
"Читаю положительные отзывы и, честно говоря, диву даюсь. Кофе — откровенно слабый. Зёрна явно низкосортные, из упаковки сразу бьёт резкий запах пережарки, без намёка на свежесть или аромат.
Пробовал заваривать всеми доступными способами — эспрессо, турка, френч-пресс, фильтр — результат везде один и тот же: горечь, пустота и отсутствие вкусового профиля. Сделать из этого продукта хотя бы просто «нормальный» кофе не получилось ни разу.
Деньги потрачены впустую, о покупке жалею. Складывается ощущение, что значительная часть отзывов либо накручена, либо написана людьми, которые в принципе не представляют, каким должен быть хороший кофе. К покупке не рекомендую.",0
good,1
"dadı yaxşıdır orta qovrulmuş ,aroması yaxşıdı ,digər məhsullarınızda qovrulma dərəcəsi nədi yazılmayıb onu nəzərə alarsınız qiymıtidə günü günfən qaldıtmasaız lap əla olar",1
turşuluqu azdır qiymət günə günə bahalaşır,1
Отличный,1
отлично вкус соответствует описанию!!!,1
Üyüdülmüş ən bahalı brendlərdən daha ləzzətlidir.,1
Kofe super esl istediyim kimi aci hemise alacam,1
Кофе класс.Ароматный.Буду заказывать ещё.И цена тоже приемлемая.Рекомендую!,1
Super👍,1
"Aromasının qalıcılığına, qəhvə dənələrinin bütövlüyünə görə yaxşıdır. Espresso üçün yaxşıdır.",1
yüksək keyfiyyət,1
"Вкусно, с пенкой и суперский запах по всей квартире.",1
Отличное кофе,1
espresso üçün dadı yaxşıdı,1
yaxşı məhsuldur,1
əla.yumşaq dad.bəyəndik,1
"Заказали 19 числа, доставили 21. Обжарка судя по этикетке была 14 мая.
Вкус хороший, приятный, несмотря на предыдущие комменты :)",1
"В описании 100% арабика, на упаковке тоже, но подвох на чеке, где они вынуждены указать наименование товара правильно, там и указано что кофе арабика 75% и робуста 25%. Долго искали, как обмануть и нашли лазейку.",0
Немного пережарен.,1
"Я даю 10 звезд за этот кофе насыщенный,приятный аромат который окружил моих клиентов в кафе и цена приемлемая.Буду заказывать часто.",1
"Хороший кофе, за хорошую цену! Отличный аромат. Хорошая, качественная и удобная упаковка.",1
"Приятный вкус, oтличный кофе. Средней темной обжарки. Я куплю это для своей кофейни 👍🏻",1
Сгоревший кофе. Ужасный вкус. Категорически не покупайте.,0
"Оно сгоревшее, судя по всему, запах отдаёт сильной кислинкой и кофе очень горький. Тут не просто сильная обжарка, а явная горелость, но может кому-то понравится такое... Чрезмерное добавление молока не спасает ситуации.",0
qovrulma və dad yerində. məsləhətlidir.,1
"Qiymətinə görə şübhələnmişdim, amma rəylərdə yaxşı yazıldığına inanıb aldım.Məsləhət görmürəm, kənar qatqıları çoxdur",0
"Çatdırılma sürətli, məhsul yeni qovrulmuşdur. qiymətinə görə yaxşıdır.",1
Əla,1
əla☺️,1
Əla dadı var. Filter üçün üyüdülüb təşəkkürlər,1
"кошка с удовольствием ест , она стерилизована",1
Çox pisdir narazıyam,0
qızıma aldım bəyəndi ,1
yaxshi məhsuldur qiymətinə görə .,1
Əla beyendim her kese tövsiyye edirem.,1
çox gözəldi,1
Очень понравился ребенку👍,1
ela.qizim cox beyendi,1
Super👍🏻,1
"məhsul,çox,superdi",1
"məhsul problemsiz gəldi , yaxşıdır ,qələmlər əla ,sadəcə boyalar çox kiçikdir",1
möhtəşəmdi. sağol varol Bir market,1
çox əla çıxdı,1
Qiymətinə görə yaxşıdı,1
cox gozel problemsiz geldi 2cisini de sifaris verdim,1
ela,1
Əla,1
Qiymətinə görə yaxşıdır,1
оправдал ожидания,1
21 manat üçün çox yaxşıdı. Bəyəndim✨👍,1
əla,1
Bibim nəvəsinə aldım əla məhsuldu nir sözlə endirimdə 15ə almışdım dəyərdə yəni,1
superdi,1
çox əladı.uşaqlar bəyəndilər.,1
Qizim Cox beyendi bu qeder gozel gozlemirdim,1
Qızım çox bəyəndi qiymətidə münasib keyfiyyətdə əla,1
"gözəldir, rəngləri boldur, məsləhətlidir",1
çox əla .almayanlar alın .,1
çox qeşeng resim destidi,1
əla super.təşəkkurlər,1
Mükəmməll🤩🤩,1
super beyendim👍👍👍,1
"çox gözəl gəldi, uşaqlarda çox bəyəndi. Endirimli qiymətlə aldım.",1
çox yaxşıdır qiymətinə görə bəyəndik.usaqlar sevindi 23 manata dəyər almağa!!!,1
"məhsula qətiyyən söz ola bilməz👍🏻 çox möhtəşəmdir, hətta temudan da ucuz başa gəldi 😻",1
çox qəşəngdi münasibdi həmdə.İçərisində olam hər birşey istifadəyə yararlıdı.Sadəcə qələmləri çoxda kaliteli deyil.Birdə qutusunda ləkə vardı mən çoxda problem etmədim.,1
Superrr,1
çox beyendik hələ endirim qiyməti super oldu həmişə 45 aşağı olurdu hər yerdə,1
çox gözəl,1
ela çox beyendim,1
super bəyəndim,1
əladır,1
çox bəyəndim 🤌❤️,1
BUNU GONDERMEZDEN ONCE YOXLAYINDA 12 AZN QIYMETI 3 AZN KURYER  VE ISLEMIR  HEC KIM ALMASIN,0
çox pis keyfiyyətsiz,0
ela,1
Maşının özü enerji yığır (içində olan batareyanın sancağını ayırıb USBiylə birləşdirib adaptera qoşmaq lazımdır) və pultada batareya qoyursan. Bilməyənlər qutunun üzərində baxa bilərlər.,1
zay məhsuldi aldım işləmədi məsləhət deyil,0
çox əla. övladlarimizdan heç nəyi əsigemeyek.  bir gün bu dünyanı uşaqların sevinci xilas edəcək,1
Pult işlemir,0
👍Əla,1
işləmir çox pisdir almayın,0
is8gi yanir  ammaki 😔radyo yoxdu,0
əla,1
cox pis yalandan deyiller radyosu ama yoxdu inamayln,0
məsləhətlidir. yaxşı işləyir,1
məhsul işləmir,0
ƏLA,1
çox gözəldir amma ciziqlari var usdunde,1
Keyfiyyetsizdir,0
Cox ela,1
Super 🔥,1
çox qəşənk gəldilər bəyəndik🤝,1
yaxşı,1
Super təşəkkürlər Bir market bele kampaniyalar davamlı olsun,1
Elad,1
"sağlam gəlib çatıb,yaxsidir",1
çox gözəl təşəkkürlər,1
Çox bəyəndim.əlavə 2 dənə sifaris etdim tanışlar üçün.,1
Çox gözəl çox bəyəndim,1
çox gözəldir ve tez de geldi teşekkürler,1
❤️❤️❤️ Super hem qiymeti munasibdi hemde ki keyfiyyeti superdi,1
"qiymət yaxşıdır, keyfiyyət baxımından normaldı. satıcıya təşəkkür edirəm",1
matreyali superdi,1
Очень хороший телефон. Привезли все быстро!,1
Zareyetka saxlamıR.Öz özünə zaryetka gedir.Axşam məsələn 60 faiz zaryetka olanda səhər sər durram 40 faiz zaryetka qalır.Almağınızı məsləhət görmürəm.Biz uje 2 aydı almışıq,0
Hec bir problem yoxdu. Her sey qaydasindadir. Birmarketin oz magazasinnan alin.,1
"2 aydır istifadə edirəm, heç bir problem olmayıb. Yaxşıdır.",1
əla,1
məhsul əladır.amma qeydiyyatı yoxdur,1
Əla məhsuldur.  Birmarketdən 3cü dəfədir ki sifariş edirəm və razı qalıram,1
Telefon tam orginaldir ekpress catdirlmada ela cox sagolun🙏,1
"Bir həftədir almışam, istifafə edirəm. Yoxlamışam Orginaldır, hərhansı bir problemi də yoxdur. Qiyməti də digər mağazalara baxanda münasibdir.",1
çox super çox razı qaldim tam orginal,1
"Salam.Məhsul deyildiyi vaxtdan da tez çatdı tsk.edirəm.Məhsulun görünüşü yaxşıdır.Keyfiyyətini işlətmədən deyə bilmərəm.İnşallah ki, problemsiz işləyər.",1
"Məhsul çox yaxşıdır və tam originaldır. Sırf birmarket satır deyə, əminliklə seçim edərək aldım. Sürətlə çatdı. Qiymət də çox sərfəli oldu. Təşəkkürlər, birmarket.",1
"Menim mehsulum kefiyyetsiz gelib, Ekran oz ozune esir ,neqativ olur",0
"Super,original telefondu,endirimlə aldım,təşəkkürlər",1
2 gün gec çatdı ancaq səliqəli və doğru məhsuldur.,1
"Qeyd olunan vaxtdan gec çatdırıldı. 2 saat ərzində çatdırılma seçmişdim, 6 saata çatdırıldı. Məhsul əladır, original, İMEİ kodları standartlar çərçivəsində. Hələ ki heç bir problemi yoxdur.",1
Eladir,1
Hər şey əladı,1
Catdırılma vaxtında oldu mehsul mohtesem cox beyendık,1
Super,1
əladır orjinal no aktivdir,1
"Məhsul əladır, 1 illik qarantiyası var, digər mağazalardan da daha sərfəli satırlar.",1
cox gozel,1
"Mehsul vaxtinda catdirildi, her shey ela. Yoxladiq IMEI kod, hech bir problem cixmadi.",1
göz oxşayan dı 😍,1
"Salam, Birmarket magazasindan elde etdim, original ve problemsiz👍

Cox sag olun Birmarket🔥",1
ela,1
"çox bəyəndim, təmiz yuyur",1
Çhox yaxşhıdı beyendim,1
hər şey yaxsidi amma cek yox idi,1
ela,1
Yaxshidir,1
əladi,1
super,1
ela,1
Belede,0
"Məhsul gözlədiyimdən də süper, çıxdı həmdə orijinal .10 baldan 10 👍",1
👍🏽👍🏽👍🏽 çox ela,1
Paketləmə əla məhsulun tarixi yenidir👍,1
hemiwe burdan aliram dukanlardan secilir raziyam,1
Cox gözəl idmət,1
хороший порошок.,1
оооочень классный порошок 😍😍😍Не то что в маркетах поделка,1
Çox keyfiyyətli! Super,1
superdi,1
Elaa,1
əla çox qəşəng,1
çox gözəl.keyfiyyət əla.almağa dəyər.qiyməti isə münasib.,1
əla,1
çox sağ olun əla idi,1
👍əla,1
əla,1
super,1
elaaaa,1
yaxşıdı,1
sadece mükemmel,1
əla,1
Superdi orginal,1
Çox keyfiyyətli.Təşəkkürlər,1
çox yaxşıdır yenidən aldim,1
elaaaa..orginalidir,1
"2 paçka aldım qiyməti sərfəlidi,həm də orginal məhsuldu.",1
Super!,1
indeksi 8001090767264. ancağ üzərində iran yazıları doludu bilmirəm irandı nədi bu ariel,0
Вроде похож на оригинал,1
Супер,1
"qiyməti ucuzdur, vaxtında çatdırıldı",1
Hər şey əladır👍👍👍,1
əlaaa,1
супер спасибо большое,1
Əladı,1
"Довольна покупкой, запах понравился 😻",1
Ela beyendim,1
ela,1
Ela dir her zaman burdan aıiram,1
çox yaxşı,1
yaxşıdır paltarları temiz edir.amma az kopur,1
Cox beyendim.,1
əlaa,1
yaxsidir orijinaldir,1
Heç bir problem olmadan düzgün çatdırıldı,1
ətridə yaxsidir,1
"əla həm ucuz,həmdə pulsuz çatdırılma",1
çox yaxşı tamda gözlədiyim kimi gəldi,1
Çox uyqun qiymetdi,1
çox sərfəlidi,1
əla,1
əladı bəyəndik,1
cox yaxsidi,1
Xarabdı,0
çox çox bəyəndim təşəkür edirəm birmarket çox sevindim ki bizde de bucür satış mümkün oldu Trendyol kimi ela super,1
Yaxşıdır,1
"сойдёт, за эту цену,",1
Mukemmel,1
yaxşıdı,1
çox qəşəngdi,1
çox keyfiyyətsiz məhsuldur,0
Almağa dəyməz,0
super,1
çox gözəl tövsiyyə edirəm,1
əla saatdır,1
ideal birsheydi,1
Aldim razi qaldim,1
yaxşı dı,1
Əlaaaa,1
Ela,1
Eladir👍👍,1
əladır almağa dəyər,1
yaxşdı,1
Super almağa dəyər,1
bomba kimi Qeseng di süper,1
Yaxşı məhsuldu qiymətinə görə dəyər👍🏻,1
məhsul işləmir ayaqa vuran isiqlar  yanmir hec masinin üstünə qurasdirmadim sadəcə taxdim yoxladım məhsulu qaytariram yenisin göndərin,0
Çox yaxşıdı almaga deyer🤌🏻,1
Salam. Əladır Almağa Dəyər,1
"bu gün məhsulu yaxın məntəqədən götürdüm, yoxladın işləməsi də pultu da aladır, Bu qiymətə çox yaxşıdır.",1
əla isleyir. her şey qaydasindadir. bəyəndim.,1
Mən aldım çox gözəl oldu vallah iydi,1
pultu normal iwlemir.qowmadim,0
super,1
super 👍,1
usb atabtırı ilə gəlmir. çox pisdir!!!),0
Qiymətinə görə münasibdir. Görünüşdə super. normal işləyir. Bəyəndim,1
Narmal işləyir pultu zəifdi,1
pultu işləmir və məhsul mənə dəyərindən baha təqdim edilib 🤦🏻‍♂️,0
"Əladı, tam sağlam gəldi məhsul",1
Salam aldım heç yaxşı işləmir qızır çox qızır leddəri isdifadəsiz hala gəlib 1 cə dəfə isdifadə etmişəm,0
problemsiz geldi,1
"yaxşı işləyir, amma usb ilə deyil",1
quraşdırıldı və artıq 5 gündü problemsiz işləyir. Almağa dəyər,1
Sevə sevə aldım təsüf ki işləmir,0
çox qəşəng məhsuldur amma isdifadə edərkən məncə yanınızda iki tərfəli band olsun,1
əla,1
çox gözəl görünür,1
"Test etdim, əladı.",1
çox yaxşı məhsuldu👍,1
Super məhsuldur mən maşında yox evdə  istifadə edirəm hər yerdə istifadə oluna bilər. super maldır🔥,1
Eladi,1
İlk öncə pultun işləmədiyini düşündüm amma işləyirmiş. Sadəcə düzgün yerə tutmaq lazımdır)) musiqi ritimləri ilə uyuşması əladır 👍🏻,1
işləmədi,0
ƏLA,1
Cox beğendim,1
aldım və keyfiyyətlidir,1
Çox Pis Aldım İşləmədi,0
çox gözəl hər şey əla,1
ela,1
cox gözeldi,1
çox yaxşıdı səsə reaksiya rejimi belə var,1
çox gözəl dir tövsiyə edirem,1
cox əla bəyəndim,1
Isigi cox zeifdi almiyin,0
Çox gözəl,1
super,1
məhsul çox pisdi pult işdəmir ..zaydi,0
çox əla Biden puntun daşi osa lap yaxşı olardi,1
yene ele cemi 1 defe yandi. söndü sonra bloku yararsiz hala duwdu iwlemedi,0
eladi 👍🏻 pultnan olmagi zordu. ama zajiqalka yerine kecmeyinin yerine usb basliqla olsa  ela olardi. yenede qeweydi 👍🏻,1
qesengdi rahat qurasdirilir  1 menfi odurki pultun dasi cr1220 cetin tapilir,1
cox pis ne ozu islemir nede pultu.,0
super,1
"salam,2 ədəd sifariş etdim ki , Birden biri işləməz,hər ikisi işləmir Çox pis sifariş etməyin burdan.",0
pultu işləmir,0
səliqəli təhvil verildi və  hər sey işləkdir.👍 təşəkkür,1
qəti şəkildə almayın pultu işləmir,0
şəkildəki kimidi.zajiqalka yerinə qoşmaq taxacaqda göndərilib.,1
puntu islemir,0
superdi,1
əladır hərşeyi işləkdir təşəkkürlər,1
Yaxşı ve işlek veziyyetde geldi.,1
Əla 1 həftədi aldığım heçbir problemi yoxdu,1
Təşəkkür,1
Yaxşıfıt,1
əlaaa,1
"Zay məhsul, heçnəyə xeyri yoxdur",0
çox agolun,1
"Almaq isteyenlere, bitme tarixi 16/01/2026 di",1
отличное средство...после еды обычно надувалась как шар...а теперь спокойно ..не понимаю почему негативные отзывы,1
"Не стоит своих денег , эффекта нет !!!!",0
Hec bir effekt gormedim.,0
Cox yaxsidi,1
Tam istediyimi kimi Təşəkkür edirəm,1
Спасибо!!!!!То что надо.👍,1
3 gün istifadədən sonra effekti his etdim. istifadəsidə cox rahatdır. ,1
ela,1
"Hər dəfə endimirdə olanda   6-7 birdən sifseiş edirəm. Bu səfər endirmdə tutum amma əvvəlki kehfiyyətə deyil, çoz gümankı artıa sifariş verməyəcəm",0
"Her zaman alib razi qaldigim, salfetlerin de axir ki zayini cixartdilar. Haqqinda evvelki sifarislerimde yaxsi rey bildirdiyim salfetler ucun teessuf hissi ile bele bir rey yazacagam. Cox yumsaq ve gozel qoxusu olan salfetleri son bir nece defedir ki endirimli qiymetle elde edirem ve netice cox teessuf ki, cox pis. Hem yumsaqliqdan eser elamet yoxdur, hem de qoxusu deyisib. Cox heyf!!!!",0
Əladii,1
Çox sevirəm bu salfeti qoxusu möhtəşəmdir. Qiymətidə endirimdə tuturam hər dəfə,1
Super nem salfetdir,1
çok gözel tarixide yerinde,1
Tövsiyə olunur.,1
gözəl qoxusu var,1
"möhtəşəm qiymət, yüksək keyfiyyət!",1
хорошо,1
yaxsdi,1
ela çox yumşaq ve rahat qiyməti də çox münasib təşəkkürlər birmarket 🌟🌟🌟🌟🌟,1
👍🏻👍🏻👍🏻,1
Супер,1
ela salfetlerdı,1
Əla cox bəyəndim,1
Super,1
qiymət əla,1
əladır beyendim,1
Bir sözlə mükəmməl həm qoxu həm keyfiyyət baxımından,1
cox eladi cox beyendim,1
Əla qiymət,1
"очень нравятся,постоянно тут покупаю их,цена самая выгодная в бирмаркет.благодарю 🙏 рекомендую 👍",1
Bu qiymətə çox superdir,1
Əladır Almağa Dəyər 😃👍,1
Əla …,1
Keyfiyyətlidir,1
"Nəmliliyi də,ətri də əladir.Marketlərdə daha bahadir qiyməti.Burdan almaq daha sərfəlidir.Ən əsası da digər salfetlər kimi keyfiyyətsiz,quru deyil",1
yaxşı,1
bəyəndik,1
"все отлично,благодарю 🙏",1
Qiymət ve keyfiyyət yaxsidir,1
Bu qiymətə bu məhsuldan əlası yoxdur mükəmməl məhsuldur qiyməti ucuzdur məhsulda əladır,1
Хорошие салфетки,1
Normal kreslodu. Heç bir defekti olmadan gəldi. Amma biraz eni balacadır nəzərə alın,1
Super əla,1
Bəyənmədim rəngi yaşıla çalır,0
Oturacaq hissəsində süzülmüş hissələr və ləkə var. Kaliteli gəlmədi,0
Əladır həqiqətən kuryer tərəfindən çatdırıldı superdir bəyəndim yaxşıdır tövsiyə edirəm ala bilərsiniz,1
əla,1
əla,1
Əla😍👍🏻,1
"çox bəyəndim super,👍Eynən şəkildəki kimi şəffaf və sağlam gəldu Təşəkkür edirəm",1
Elaaaa,1
Caydanin görunuşunə söz yox! Ama alanda mutləq yoxlayin qusurlu olmasin ! Ve ilk defe qaynar su tokende az tokun gozleyin qizsin şuşə sonra elave edin qalan suyu! İstifade ederken ehtyatlı olunmalıdır çunku zerif şuşədir tez sinir ! Teşəkkurlər Birmarket !,1
cox qewengdir,1
Əla gəldi,1
Əla,1
"красивый чайник,все в восторге",1
Cox keyfiyetlidi,1
Ela problemsiz sağlam halda geldi və qiyməti munasib təşəkkürlər😊,1
əla👍,1
əla seçimdir,1
çox qəşəydi bəyəndim,1
Очень качественный чайник !,1
Yaxşı,1
yaxşıdı 👍🏻,1
Dayanıqlı və funksional 👍🏻,1
Super,1
Super,1
"bu qiymətə yaxşıdı.4.50q...qapağı da kip oturur.sadəcə nazikdi şüşə.qorxursan ki, əlində qırılar..",1
Əla,1
çox keyfiyyətlidir👍,1
Super!,1
Əla,1
👍👍ela,1
cox gozeldi,1
Çox yaxşıdır 2ədəd sifariş verdim sadəcə birinin qapağı yaxşı sıxılmır,1
супер! рекомендую 👍 благодарю 🙏,1
Çox sağolun super,1
yaxşıdı,1
Çoox superdir,1
Əladır,1
əladı bəyəndim,1
Çox bəyəndim👍🏻👍🏻👍🏻👍🏻,1
superdi almaga deyer,1
Orta coxda beyenmedim,0
beyendik,1
Məhsul düşündüyüm kimi əladır,1
принесли очень аккуратно и безопасно они очень удобные и прочные я их 2раз покупаю,1
əla,1
keyfiyyəti yaxşı deyildi.,0
Çox gözəl gəldi,1
cox balacadi,0
Cox qeseydi elə bilirdim suzgecde özundedi amma yox imiş,1
Cox qeşeng men beyendim super,1
Чайник очень хороший. Завариваю с удовольствием. Никаких проблем нет.,1
отличный чайник.  красивый стильный и очень  удобный,1
Çox yaxşı mən bəyəndim 👍👍,1
ela,1
co əla,1
çox qəşəng xoşuma gəldi👍🏻,1
cox beyendim,1
çox yaxşı bəyəndik,1
Cox rahat geldi. Cox sagolun.,1
Yaxşı idi,1
❤️ благодарю,1
çooox qəşəng bəyəndim,1
Təşəkkürlər 🥰 Çox bəyəndim❤️,1
Əladı,1
superdi həqiqətən,1
Superr.,1
Ela,1
Gewengdi👍🏼,1
super,1
əla,1
məhsul saglam gəldi yaxşidr bəyəndim,1
"Чайник хороший , особенно за такую цену ! НО ! Кулек который принесли ппц как пах духами , настолько сильно что мы чуть не задохнулись , пришлось все комнаты открыть чтоб запах ушел , и то все еще стоит !",1
bəyəndin. tşklər  birmarket 🫠,1
ela beyendim,1
mehsul 2 eded sifariş etdim biri defekt cixdi nece qaytarmaq olar?,0
çox gözel çaydandi.Inshallah uzun ömürlü olar.,1
хороший чайник за хорошую цену👍🏻,1
əlaaaa,1
"Sağlam gəldi, bəyəndim👍🏻",1
Əla👍🏼 Endirimli qiymete aldım və çox razı qaldım)),1
coox əla,1
cox beyedim ela😍,1
mehsul yaxsidi ama icinin demri olmadan getirmisdiler,0
əla,1
eladi çox bəyəndim qiymət münasib özü gözəl yenə alacam təşəkkürlər,1
cox gözeldi,1
çox bəyəndim qiymətə görə çox yaxşıdı,1
Qəşəng,1
çox bəyənərək istifadə edirəm endirim olan kimi 2 ədəd sifariş verdim,1
elaaa,1
çox qesencdi,1
yaxşıdı iri caynikdi,1
çox bəyəndim,1
keyfiyyetli mehsuldu,1
ela super,1
ela,1
"heç 3 ay deyil aldığım, artıq xarab olub",0
cox gozel damqirat cixdi,1
hec bir ay iwlemedi,0
super,1
Əladır,1
супер лекарство,1
Razi qaldiq 👍🏻,1
lövhə vaxtında və keyfiyyətli gəldi,1
Super,1
super,1
mükəmməl,1
super ela Balakən rayonuna vurdurdum ela geldi təşəkkürlər,1
Çox keyfiyyətlidir. Tövsiyyə edirəm 👍👍,1
supper olduğu kimi keyfiyyətli çatırılmada əla,1
"tam isdediyim olcude , seliqeli, catdirildi.Tewekkur edirem🤗",1
əla👍,1
Əla,1
"Хорошая доска. симпатичные серебряные грани, не как у всех, черные",1
qiymətə görə çox sərfəlidir.,1
"Sağlam çatdırıldı, razı qaldım. Keyfiyyətini istifadə etdikcə biləcəm.",1
Качественный товар. Своих денег стоит.,1
Заказом довольна,1
хороший один открыла вышел оди в халате другие не открыла еще,1
Əla idi,1
Əladır balaca çox bəyəndi təşəkkürlər ❤️,1
çox sagolun,1
çox əla bəyəndim razı qaldım,1
Will cixdi mohdesem,1
"в наличии были последний 5 яиц, заказала 3, выпал уилл, он наконец выпал, очень благодарна бирмаркету🥹❤️",1
Nadir personajlar da çıxdı,1
ela.ferqli oyuncaqlar çıxdı,1
Çox qəşəng paketlənmişdi😍təşəkkürlər!,1
"Cox sag olun,mehsul elimize tam saglam sekilde catdi.Icerisinden Will ve demogorgan cixdi.Cox sevindik.🫶🏻",1
Супер мне Макс вышла и Стив оди и еще Макс из изнанки,1
Супер,1
super  nam ponravilos xoroşiye .,1
Əla amma təkrarlar çıxdı,1
"покупала 3 штуки по Маната 30 гопик отдала 10 манат,попались игрушки все одинаковые",0
Kupila 3 wtuki i ni odnoy povtorki🤗,1
Qizim cox beyendi yene almag istedim teesufki qalmayib yene getirseniz cox sevinerem,1
"Möhtəşəm! 24 ədəd Korobkada çatdırıldı! 
Tapmadığım personajların hamısı çıxdı 🥹🙏🏻 
Bircə Will qaldı😭",1
Kuryer vaxtında gəldi. Heç bir problem olmadı. 4 ulduz verirem. Təşəkkürlər Bir market.,1
хороший товар 🤙,1
Восхитительно выпали самые редкие игрушки всем советую купить стоит своих денег,1
имбаа правда Лукас попался целых три раза,1
"кайф, ни одной повторки, спасибо",1
Ən pisləri çıxdı,0
"əla, nəhayət ala bildim 👍🏻👍🏻👍🏻👍🏻",1
Təkrar çox az çıxdı.Çox bəyəndkk,1
ненси попалась мне понравилось 🫶🏻,1
Спасибо большое,1
Çoxx razı qaldım,1
"К сожалению мне выпали не те игрушки которые я хотела,но я оставляю 5 звезд потому что они лучшего качества( и вообще всё что заказывайте в Бир маркете всё лучшее)",1
Класссс!!,1
Təşəkkürlər birmarket. Digər mağazalardan fərqli olaraq öz qiymətinə və sürətli şəkildə çatdırılma etdiniz,1
Babatdır,1
👏👏👏mohtesemsiz,1
"6 eded aldim. 2 steve, 2 eleven (upside down), 2 dombiliqorqon cixdi",1
Əla!,1
çox saqolun❤️,1
videoda göründüyü kimi deyil gərək 2 dəfə cilalayasanki cızıqlar itə ən xırda cızıqlardan gedir söhbət oda 250 ml ilə etmək mümkünsüzdür ən az 300 ml olmalıydı,0
Duzgun istifade eden ucun cox eladir,1
Zəyif effektli deyil ciziqlari aradan qaldırmır. video da göründüyü kimi effektli deyil,0
əla,1
super. cox keyfiyyetli mehsuldur.,1
çox qəşəngdi.her zaman alıram.,1
Uşaq bəyənir,1
Çox qeşeydir uşaqlar severek yeyirler.Oglumun iştahi aclib bu vitaminden sora,1
Vaxtindan once catdirilma ve original mehsul.Baliq yagi icmeyen qizimiz Easy Fishoil sayesinde baliq yagini cox sevdi👍,1
Necə bayılır uşaqlar buna👍🏻👍🏻dadı və keyfiyyəti👍🏻,1
Əla😍😍,1
Heqiqeten cox effektlidir Ilk qutudan ferqi hiss etmek olur🥰,1
super,1
İlk fürsətdə yenidən sifariş verəcəm. balıq yağının spesifik qoxusunun olmaması və jelibon şəklində olması uşaqların həvəslə yeməsinə imkan yaradır.,1
əladı 4 ədəd goturdum,1
Orginal,1
"götürdüm təşəkkür edirik, eladi",1
məhsul yaxşı geldi heç bir problemi yoxdur,1
tam orijinal mehdul geldi.,1
"заказала сыну 4 года, ему вкус очень понравился, очень рада, что там и д3 витамин есть. Мы покупкой давольны",1
детям очень понравилось,1
çox gözeldi beyendim,1
"интересная форма выпуска - небольшие желейные шайбочки, ребенок с удовольствием употребяет.",1
razıyam,1
uşaqiarımın 2side bu balıq yağını çox sevdiler günde seve seve özleri isdeyirler 😊,1
çox yaxşı təşəkkürlər.,1
Zoohouse.azdan 2 məhsul sifariş verdim və sadəcə 1 məhsul göndərilib. 2 məhsulun pulunu ödədim,0
Спасибо за быструю доставку и за приятный подарочек от магазина ❤️❤️❤️,1
классный! советую! нам его прописали в ветеринарной клинике,1
ela,1
"Все отлично, так как они иногда пропадают с лавок, и срок годности на месте.",1
Super,1
Çox gözəldi,1
"salam calişin caspian mobile almiyin qusurlu acilmiiş mehsul gönderirler,birmarket əla qeri qaytarma 4gun icinde oldu",0
supər,1
yaxşıdır beyendim vaxtinda geldi bagli qutuda meslehet gorurem,1
Dəniz telecomdan almışam süperdi,1
Gözəl hər kəsə tövsiyə edirəm,1
Çox razı qaldım boş zamanlarımda zövq ala bildiyim ve maraqlı oyunlar var ❤️🙏🏻🙏🏻,1
Qaydasında çalışır,1
Super,1
"Yaxşı vəziyyətdə  gəldi. Hər şey işləyir, superdir",1
"Məhsul tam gəldi, amma bir dəfə tğmizləmə etdikdən sonra Delonghi qırmızı bildiriş işığı yanmağa davam etdi. Anlamadım maşındadı problem ya bu vasitə yaxşı təmizləmədi",1
"Долго откладывала чистку, пока кофе не начал заметно горчить, а напор струи стал слабее. Решила попробовать это средство и не прогадала.Супер!
👍👍👍",1
идеальное средство,1
"мне очень понравилось, уже два раза очистила кофеаппарат",1
her wey qaydasinda qablawdirma yaxwi idi,1
Yaxşı,1
"bereketli mehsuldu ,razı qaldım ,rahat təmizləyir aparatı",1
"Хорошее средство, хорошая цена",1
əla,1
"əladır.amma diskli vurduq,disqisiz gəldi",1
Mənə qara rəngi gəldi əladır,1
"Kitabda xəta var  22 səhifədən sonra 91-ci səhifə gəlir, 90-cı səhifədən sonra isə 23",1
cox faydali movzuda yazilan kitabdir.Tovsiye edirem,1
Supper,1
"Məhsul tam istədiyim kimi gəldi çatdı və heç bir problem yaşanmadı, təşəkkürlər Birmarket 🙏",1
"Olduqca yaxşı bir kitabdır, hər kəsin oxumasını tövsiyə edirəm.",1
"все очень понравилось! И доставка,и упаковка, и качество, 👍!",1
День Добрый! БЛАГО ДАРЮ за Красивую Творческую Работу! Рекомендую!,1
Əladı .Qoxusu çox gözəldi,1
Ne agartmir nede qesheh qoxu vermir,0
elaa,1
товар хороший всё есть для работы,1
sifariş etdiyim mal bu şəkildəki olsada göndərilən çinin ən zəif malıdır. bir daha birmarketdən istifadə etməyəcəm,0
Ela süper,1
Hələki yaxşıdır.,1
Yaxşıdı,1
средне,0
Əla,1
Əla,1
Yaxşıdı,1
salam.cox gözəl məhsuldur.hamiya məsləhət görülür.,1
yaxşıdı,1
yaxsidi orta mehsuldu amma qiymetide ortadi tam desek qiymet performans mehsuldu,1
Orta seviyeli mehsuldu. Ama idare etmek olar.,1
Orda xususiyyetlerinde eyilme bucaqi 15 derece yazib ele bir shey yoxdu ondan da elave qacis lentinin uzerinde leke var,0
"Для своей цены очень хорош,программы работают безупречно.110 кг массы спокойно взял,пока работает безупречно",1
"super, respect",1
Təzik Ölçən VZN Medical Əladır Almağ Dəyər Hamıya Məsləhət Görürəm Aparatı Qoşan Kimi Türkçə Danışır Təyziq Ölçən Aparat İşləyib Qurtaranda Türkçə Hərşeyi Deyir 😃👍👍👍👍👍,1
"работает ,все нормально",1
"əladır, qurulması rahatdı.",1
çoox pisdi məsləhət görmürəm,0
"süper əladır bəyəndim 10 güdü heç problemi yoxdu tavsiye edirəm, 🤌🤌🤌🤌🤌",1
cox superdi,1
əla məhsuldur bəyəndim çatdırılmasıda çox tez oldu,1
yola verir amma çox səs küy edir. 100kg götürməli idi guya 80 kiloyam oturanda əsir .,0
xoşuma gəlmədi,0
yaxşıdır,1
qiymətə görə normal saymaq olar pis deyil,1
Bu qiymətə əladır. Təzə başlayanlar üçün normal olacaq. Amma professional məşqlər üçün daha bahalı model məsləhət görərdim.,1
Mükəmməl məhsuldur. Çatdırılma vaxtında və tez oldu Təşkilatçılara təşəkkür edirəm,1
qiymətinə görə çox yaxşıdı👍,1
"хороший велотренажёр, компактный как раз для домашних тренировок",1
Əla.,1
Неплохие,1
super,1
"Отличные таблетки, не оставляют разводов на посуде",1
cox gozel yuyur. qoxuda yoxdur. ela,1
"Qabları cox təmiz yudu, ela.",1
Cox razi qaldim,1
"Новые таблетки растворимые что очень удобно и не нужно вскрывать пакетик. 
Спасибо. Они отличные!",1
keyfiyyətli və münasib,1
Хорошая альтернатива финишу и фейри изза запахов невозможно было открывать дверцу посудомойки,1
Уже не раз покупаю👍,1
большое спасибо!,1
"çox bəyəndim, təşəkkürlər",1
Bəyəndimmm əladı😊,1
Alın əladır tükü tökülmür,1
Heqiqeten çoxx qeşeydi. Ve içinde balaca öz qabida var.,1
Superdir tukleri tokulmur 🫶,1
Cooox beyenddmm,1
Tonalniy üçün əladı,1
çox geseng gəldi. fircalrkn türklərində tökülmə kimi bir şey yxodu. keyfiyyətli gəlir,1
Bu gün aldım çoxx gözəl şotkalardır təşəkkürlər Birmarket 😍,1
super super özünün qabı olmağı vopşe gözəldi,1
Yaxsidir tonal kremini yaxsi oturdur,1
👍👍👍,1
yaxsidi amma  razmer sehvliyi var,0
qaytarmaq isdiyirem,0
superdir👍keyfiyetlidirrr👍🤩,1
yaxsidi,1
Моя собака очень любит этот корм. Напишите где взять мне счет фактуру,1
Qiymətinə görə çəkisidə çoxdu doyuruculuğuda,1
"Əla tozsorandır, səsi az, güclü",1
Хороший корм эконом класса с курицей для взрослых собак.,1
Собаке понравился. Напишите мне чек пришлете,1
çox pis məhsuldu təhvil alanda işləmirdi zaryatkaya qoydum yenə işləmir tövsiyə eləmirəm,0
pisdir xoşuma gəlmədi,0
yaxsi deyil almayin,1
ela.titresimi isdediyin qeder qura bilersen.,1
yaxsidi,1
ela cox geweydi evde hami masaj edir aparatnan super.,1
Норм,1
Normal,1
yaxşıdır,1
çox yaxşı,1
yaxşı,1
Pambıq tərkibli keyfiyyəti yaxşı corabdı,1
yaxşıdır amma nazikdir.,1
vallah qiymetine gore cox eladir,1
cox eladi gozdediyimdende yaxwi cixdi  bu qiymete superdi,1
Qiyməti münasib və qiymətinə görə çoox gözəldir bəyəndim super,1
eladir cox razi qaldim..,1
Ə'la,1
Əla çox razı qaldım,1
"yaxşıdır, bəyəndim",1
ela,1
məhsuldan razı qaldım,1
çox razı qaldım,1
Qiymətinə əladı İşləyir.,1
pis deyil işləyir,1
məhsul yaxşıdır.Amma içən kimi toxluq hiss olunur yemək istənilmir kimi sözlər yalandır.axsam acqarına bir litr su ilə icilse belə yemək istəyin öldürmür.,1
"Товар получила в целости сохранности, спасибо всем.",1
"məhsul yaxşıdır,kuryer çatdırılması qənaətbəxş deyil,telefonla əlaqə birtərəflidir,zəng etmək olmur,bu da məni çox narazı saldı",1
Qiymətinə görə keyfiyyətli məhsuldur.,1
Eladi rahatdi yumsagdi,1
"Cox gozeldir,yupyumsag ve en esasi olcusu boyukdur.",1
əladı,1
Çox bəyəndim. Rahat və şık,1
çox bəyəndim mükemmel,1
əla👍,1
Очень хорошие 2 подушки по отличной цене.,1
"yaxşıdı, yumşaqdı amma 2 3 aya məncə içliyi yatacaq, cünki çox yumşaqdı",1
ela,1
co gesey paduskadi qiymetide pis deyil,1
əla yumuşaq çox sağolun 🥰,1
"keyfiyyətli məhsul çıxıb, razıyam",1
"8 həftə qəbul etdım təsiri superr tez tez tərləyirdim oynaqlarımda ağrılar sızıltılar olurdu hamsını aradan qaldırdı
D analizim 9 cıxmışdı 8 həftə istifadədən sonra kecen hefte analız verdim  bügün cavabı çıxıb D səviyyəsi 73 qalxıb çox razıyam 
Artıq ilk həftədən təsirini ciddi şəkildə hiss etdim hamıya məsləhət görürəm effekti əladır",1
"Bir qutu istifadə etdim çox əla təsir etdi saç tökülməyimi dayandırdı, halsızlıqı əzginliyimi tamamilə apardı özümü daha enerjili gümrah hiss edirəm iki qutuda əlavə sifariş etdim anam və yoldaşım üçün
Çox sagolun hərkəsə tövsiyə edirəm",1
Dörd flakonun dördü də ağzından axıdır. Vaxtım olsa idi qaytarardım özünüzə. Satdığınız məhsula baxın nə satırsınız😡,0
"D vitaminim 0 idi bir ay istifadə etdim 34 olub halsızlığım, tərləməyim, sümüklərin sızıldamasını tamamilə apardı çox razı qaldım. İndi ikinci ay istifadə edəcəm 2 qutu əlavə sifariş etdim yoldaşıma həm də uşaqlar üçün. çox sağolun məmnun qaldım",1
beyendim,1
məmnunam,1
"yaxşıdır,hər səhər qızım içir",1
pis deyil,1
Cox gozel almaga deyer,1
çox super məhsuldu  50 dənə maşın ətiri istifadə elemişem bunun kimisi yoxdu.,1
Super,1
Super,1
Məhsulun içi yarıboş vəziyyətdə idi və təzə qablaşdırma təəssüratı yaratmırdı. Məhsulun qalıq miqdarı 0 səviyyəsində idi. Ümumi keyfiyyət baxımından olduqca qənaətbəxş deyil.,0
əla və keyfiyyətli mal.,1
Yaxşıdır,1
Cox beyendim,1
Yaxsidir,1
Bashligi qiriq idi.. bele amma superdi,0
"Bu nece şeydir? Bella.az Çox pis işleyirsiz, görün baxın bir men Hansı rengi sifariş vermişem, her üreyiniz istedi göndermeyin camaataaaaaa. Çoxxxxx pisssssss",1
yaxşıdı,1
qalıcılığı yaxşıdı,1
товар  понравилась  рекомендую  спасибо продавцу 👍😊,1
super,1
çox gözəl məhsuldu çox bəyəndim piqmenti və asan yayilmağı qəşəngdi 🌸,1
Çox gəşəng piqmenti varr rəngidə özüdü axıı,1
Əla. Xoşum gəldi. Rəngi də tam istədiyim kimidir,1
Yaxsidir beyenildi,1
Super,1
rəngi coox aciqidi,0
bu qiymətə dəymir,0
Mükəmməl,1
"hərkəsə tövsiyyə edirəm çox əla məhsuldur ,yığcam və daşına bilən qablaşdırmada ,çoxlu rəng seçimi ,təşəkkür",1
Uşaqlar üçün əladır,1
нормально !),1
Salam heç dediyiviz kimi deyil iyisi qalmır ureyimce olmadı,0
çox gözəl ətri və qalıcılığı möhtəşəmdi pulum .olsa böyük flakonda alardım yəqin ki tezliklə alaram hər ətiri bəyənən deyildim bunu bəyəndim qablaşmasıda əladı sağ olsunlar,1
50 qəpiklik ətirlərin qoxusu gəlir. 10 manata çox bahadı,0
Əla,1
Superr,1
2 həftə bunnan qabaq alib vurdum ustume helede etri qalib,1
heç xosum gelmedi ne iyi ne qablasmasi bunu nece geri qaytarmaq olar?,0
"qoxusu qalıcı və xoşa gələndir,bəyəndim.",1
yaxsidi reisin etri,1
"qoxu yaxşıdı, qalıcılığı yaxşı olsa yenə alacağam",1
Əla,1
əla,1
Покупаю уже второй раз.,1
Məhsul qaydasında gəlib çatıb.Amma sertifikatın bitmə müddətinə 4 ay qalıb.,1
Super ancaq istifadə müddəti azdır,1
yaxşıdı,1
"Qiymətinə görə əladı. Bəzi çatışmazlığı var, kritik deyil ama.",1
Məhsul çox yaxşı vəziyyətdədir. Üstündə sertifikatı verilib və plombıda yerindədir. Almağı tövsiyə edirəm.,1
Sertikiatı və sənədləri qaydasındadır.,1
Məhsul tez çatdırıldı. Maşın üçün aldım normal görünür.,1
super.,1
avto 05 satıcısından aldım. yaxşıdır. maşında sabitləmək üçün heçnə yoxdur üzərində ama. nəzərə alı,1
"Tez çatdırıldı.Lisenziyası üzərində idi,göstəricisi yaşılın üzərində idi.Keyfiyyətli görünür.Təşəkkür",1
Super. 2030cu ilə kimi etibarlıdır,1
"Yanğınsöndürən balon gəlib ama təzyiq yoxdu içində, boş balon gəlib.",0
Yaxşı olar yəqin,1
Məhsul əla sertifikat üsdündə ancaq tutacaq üçün dəstəkdə versəydiz əla olardı,1
1 günə təhvil məntəqəsinə çatdırıldı. Hər şey qaydasındadır. Təşəkkürlər,1
yaxşıdır,1
"Sertifikatının üzərində olması çox yaxşı əlamətdir. Düşünürəm ki, bu yağınsöndürmə ilə texniki baxış keçmək olar.",1
Əla məhsuldur.Bu gün aldım və buraxılış vaxtı da oktyabr ayıdır.Superrrrr!,1
əla. oktyabrda aldığım balonun dolum tarixi elə oktyabrdır. tam 1 il vaxtı var.,1
Əladı Allah bazarınızı versin... Ancaq ƏDV vermir)))),1
təşəkkür edirəm vaxdinda çatdırdılar hər şey qəşəng.  hə ustundə hədiyyə  də var xeyirli uqurlu olsun,1
Ela👍🏼,1
yaxwidi razi qaldiq👍,1
Работает хорошо. доволен,1
mehsulu aldım çox efekli mazdi ağrini kəsir. 3cu mazdi aliram,1
"Həm çatdırılma, həm də məhsuldan razı qaldım. Ağrılara bir başa təsir edir. Allah hər kəsə kömək olsun.",1
salam çox bəyənirəm razıyam,1
"Çox məsləhətli süper kremdir, ayaq ağrılarıma çox yaxşı effekt verdi.",1
"Mehsul cox efectivdi,artig 2 cisini elde edirem",1
çox effektiv mehsuldur,1
Məhsulu bu gün aldım. Məsləhətlidir. Tövsiyyə edirəm.,1
"İkinci dəfə sifariş edirem, məhsuldan razıyam",1
"əla idi, ağrılarada birbaşa təsir edir",1
Çox gozel tesekkur edirem,1
əla tez çatdı razıyam👍,1
Məhsulu çox bəyəndim.,1
"aldim cox yaxşi kömək eləyir ,dost ,tanişada ,məsləyət qörəçəm..",1
Sifaris vaxtinda catdi. Məhsul yaxsidi,1
"Salam. Yeni aldım, istifadə elədim qəşəng yandırır, məncə gözəl faydası olacaq. Çox sağolun.",1
Məhsul bir sözlə əladır faydasını çox qısa müddətdə gördüm hər bir alıcıya tövsiyə edirəm!,1
coox cox beyendim 2 seferdi aliriq ve aldigimiz gunnen raziyiq cox tez effekti var,1
Məhsulu aldım.Cox raziyam,1
"Təşəkkür edirəm,məhsul zamanında çatdırıldı.İstifadə edirəm ilk fəfə vurduqdan 1-2 saat sonra dizlərimdə arğılar sanki yüngülləşdi.İnanıram ki,sonrakı istifadələrimdə arğılarım tədricən yox olar.Yəqin ki, İkinci dəfə sifariş edəcəyəm.",1
mehsul elime tez vaxtda çatdı. çox keyfiyyətlidir. ilk istifadədən ferq hiss olunur. tez catdirilma üçün birmarkete tesekkurler.,1
çox razıyam xidmət əla,1
mükəmməl,1
cox beyendik hetta 2 cini sifariş etdik,1
"Aldigim mehsuldan cox yararlandim,cox gozel tesire malikdi,dizlerimin agrisini kesir,berpa edir,bir sozle 👍",1
"UMOCO,,❤️di.",1
Mehsul cox keyfiyyetlidir.Ve deyilen vaxda catdirildi.Hecbir zede ve problem olmadan tesekkur edirik🌸,1
çox keyfiyyetli mehsuldur. ilk istifadeden tesirini gosterdi,1
Deyilən vaxtda çatdırıldı. Diz-oynaq problemi olan xəstəm üçün aldım.,1
Hər vaxtınız xeyir. Birmarket Xidmənizdən çox razıyıq.Təşəkkürlər.😇,1
çatdirimasi süretli  istifade etdik ilk gün olduğuna baxmayaraq cox effektli oldu,1
Mehsul cox keyfiyyətlidir. 2 günə tesirini göstərdi  həqiqətəndə inanmirdim ilk öncə reklam olduğunu düşünürdüm.  təşəkkürlər,1
Salam. Çox razi qaldım. İkinci dəfə alıram. Teşekkür ederim.,1
"Bir tanışımızın tövsiyəsiylə aldıq. yaşlı qadındır, bir müddət əvvəl yeriyə bilmirdi, dizləri ağrıyırdı. bu yaxınlarda gördük ki asta-asta yeriməyə başlayıb. dedi bundan istifadə edib. biz dəanam üçün aldıq, görək nə göstərir)",1
"Məhsul zədəsiz, tam şəkildə çatdı. İstifadə etdim yaxşı təsir göstərir",1
Tez bir zamanda catdirildi..mehsul eladir..aqri olan hisseye cekdik..2defeye aqri tamamile yox oldu.,1
Əla,1
mal vaxtında gəldi çatdı. təşəkkür edirik,1
Salam məhsul deyilən vaxtda vaxtinda çatdırıldı 9:00 da. Məhsul barədə yaxınlarımdan eşitmişdim cox razı idilər keyfiyyətindən. Özüm istifadə etməyə başladım birinci istifadən nəticə almağa başladım. Hər kəsə təşəkkürlər.,1
çox faydalı kremdi,1
Çoxsağolun herşeyin üçün sağlam şəkildə çatdirildi,1
məhsul çox keyfiyyətlidit.Xeyirin görsəm yenidən sifariş edəcəm.,1
çox effektiv mehsuldur,1
Məhsul əladır. Bioloji aktiv əlavə olması lap əladır. Təşəkkürlər.,1
"Çox razı qaldım, effekti əladır👍",1
Cox razı qaldim atam üçün aldım yeniden alacam.efekti Cox gozel,1
Atam üçün aldım o çox razıdır.,1
"3-4 gün ərzində coddi müsbət fərq gördüm., ikinci qutunu aldım.",1
Prostalab kapsulu qəbul etmək də çox rahatdır və yan təsir görmədim. Mənim üçün yaxşı nəticə verdi,1
Əla,1
Çox effektli dermandı.Vaxtında çatdırıldı.,1
çox gözəl dərmandır. Tez bir zamanda öz təhsirini göstərdı.,1
Salam məhsul çox gözəl məhsuldur təsiri əladi razi qaldim sizlərin almanizi tövsiyə edirem,1
2ci aldim məhsul çox faydalidi,1
super dərmandır.atama çox gozəl təsir etdi.,1
çox keyfiyyətlidir,1
məhsuldan razı qaldım.,1
almışam razı qalmışam,1
Mehsulu aldıq cox razı qaldiq Tesekkurker,1
Bir də sifariş edəcəm. Təşəkkür edirəm.,1
cox gözel tesirli dermandir,1
Aldim razi qaldim,1
Məhsuldan tam razı qaldıq.,1
ela,1
yaxwi mehsuldur xeyrini gordum,1
aldiq və razi qaldiq,1
Əla məhsul. Sürətli çatdırılma,1
"Möhtəşəm məhsul, çatdırılma yüksək səviyyədə, təşəkkür edirəm🙏🙏",1
cox razi qaldim. tesekkurler,1
çox superdi ilk gündən təsirin göstərir bir sözlə möhtəşəm,1
əla çox sağ olun,1
əla məhsuldur,1
problemsiz ve suretli catdirilma ucun xususi tesekkurler. Dermanin tesirine ise soz ola bilmez. her sey ucun cox sagolun.,1
Cox razıyık catdırılmada tez bır zamanda oldu teşekkürler 🥰,1
çox gözel mehsuldur tesekür edirem,1
"Принимаю несколько дней, но уже почувствовал разницу",1
ÇOX ƏLADIR SİZƏ TƏŞƏKKÜRLƏR ÇOX RAHAT ÇATDİRİRSZ SAĞ OLUN,1
Bəli bəyandim,1
Mehsul  vaxtinda unvana catdirildi cox razi qaldiq oz tewekkurumu bildirirem,1
super məhsulu aldim. Təşəkkür edirəm,1
Əla yaxşı diyilən vaxtda çatdirıldı tər təmiz👍👍👍,1
ela yaxsi mehsuldur cox istifade etmisem coxda raziyam..,1
çox yaxşı məhsuldur,1
Salam. Məhsul cox mohteşemdir və keyfiyyetli. Beyendim. Catdirilma cox tez və vaxtinda.,1
Çox sağolun minnətdaram vaxdında və sağlam çatdırdız. Allah köməyiniz olsun. Kuryerinizdə gülər üz idi çox sağolun,1
Salam beyendim çox gozeldi,1
Salam Məhsulunuzu bəyəndik. Çatdırılma çox operativ və vaxtında təşəkkür edirik,1
hərşey yaxşıdır.,1
Zeif mehsul,0
Möhtəşəm çox gözəl paketlenmişdi,1
Keyfiyetli və yaxsidir aciliği cox deyl esil capicno mocha ücündü,1
"yaxshidi, istifadə edilir, dadı yaxshidi",1
yaxşı deyil,1
Dəhşət çox pis qovrulub. İlk alışa aldandım çox sifariş verdim. Heyif...,0
Супер кофе и не дорого я всегда беру,1
beyendim qeribe tami var,1
Məhs bu seriya əla əla.,1
Ужасный кофе:(  И на вкус и на запах:( Это вообще кофе? Первый раз сталкиваюсь с таким кофе 😏,0
Əladır,1
Классный кофе👍 это самый любимый вкус,1
Хороший ☕️,1
cox gozel dadli etirlidi,1
Normaldır.,1
All Goods bu magazadan aliram butun kofelerimi ve cox cox raziyam❤️,1
"Ma şəə Allah çox gözəl idi məsləhət görürəm (mənə gələn qutuda heç bir problem görmədim qızardılması, dadı, qoxusu və s ) çox əla idi  bir neçə espresso içdikdən sonra otzıv yazıram qiyməti əla keyfiyyətidə çox yaxşı idi (məni qane edir).  Yenə alacam mı? Əlbəttə düşünürəm ki bu qiymətə olduğu müddətçə həmişə alacam.",1
Mükəmməl,1
"keyfiyyətli məhsuldur, tövsiyyə edirəm.",1
"Кофе очень классный! Взяли на пробу на работу - все гости в восторге. Несмотря на то, что это арабика 100%, совсем НЕ чувствуется кислинка👍 лично от меня за это +100 этому кофе 🫶🏻",1
отличный кофе,1
çox qəşəngdir,1
Mohtesem,1
coxx beyendim  m olcu aldim vaxdinda catdirlma oldu belimi iki ölçü inceltdi  teşekkür edirem,1
razi qaldim çox gozel yiqir,1
razı qaldım,1
qoxusu heçdə gözlədiyim kimi olmadı vurandan heç 1 saat keçmir qalıcılığı itir😕😕təssüf etdim,0
ətri çox gözəldi 30 ml yazılıb amma böyük qabda gəlib qaliciliğin çox olduğunu düşünmürəm,1
Cox tunddur ve qaliciligida yoxdur,0
Cox gozel etirdir alin aldirin🥰 iyisi qalicigi super👍,1
👍 ela,1
yormayan iyisi   çox  gözəl,1
Çox pis,0
Впечатляют,1
çox geseng di,1
Cox beyendim mehsul orginaldi,1
Originaldi almaga deyer Teşekkürler Umico 😍,1
Bu duxu orıgınal deyıl orıgınzl adı altında satılır ne halaqramı var ne barkod ne qr kod oxunur altının yazıdı brle yoxdu ıyıde qalmır. Bır ulduzda coxdu buna,0
супер,1
Çox gözəl qoxusu var Lamour parfümdən aldim orginaldi təşəkkürlər😍❤️❤️❤️,1
Salam ne qr kod nedeki barkod oxunmur sebeb nedir orginal olub olmadiqini nece bilim,1
Sağlam şəkildə aldım hədiyyə üçün təşəkkürlər,1
"Beşinci dalbadal işlətdiyim yeganə ətir yalnız 100 ml 
Heç zaman yormayan mükkəmməl ətirdir",1
"originaldır, qalıcılığı yaxşıdır, yaz üçün biraz tünddür, ama ağır qoxu deyil",1
Qoxusuda gözəldir,1
"Məhsuldan çox razıyam və kiçik hədiyyə üçün, xoş sözlər üçün təşəkkürlər.",1
süper möhteşem hem iyi hemde temizlemesi inşallah daha böyügün sifariş verecem tşkkler razı qaldım,1
çox beyendim super 👍,1
həqiqətən de mükəmməldir. Teşekkür edirəm.,1
çox xoşuma gelir,1
Əla.Super.,1
yaxṣi rahatdir amma lap super tər təmiz ləkələri təmizləyə bilmir,1
bu qiymətə endirimlə tam 36kapsul aldım. çox gözəl yuyur və ətirləndirir. təşəkkürlər,1
супер,1
COX GÖZƏL. DEYİLDİYİ KİMİ. YUMUŞAG ƏTİRLİ. MƏN ALSİM RAZİ QALDİM HƏR KƏSƏ TÖVSİYƏ EDİRƏM. BİR MARKETƏ TŞKRLƏR,1
Məhsulu istifadə etdim razı qaldım,1
əladır SUPER aldığım üçün peşman deyiləm,1
Çox yaxşı məhsuldu,1
"Pis deyil . İstifadə etdim Yaxşl qoxsu var. 60 dərəcədə əla köpüklənir
40 dərəcədə o qədər də yox
Hədiyyə üçün də Təşəkkürlər🌹",1
men aldim istifade etdim cox gozeldi,1
"Çox gözəl ətri var, artıq ikinci dəfə alıram,hem ağ,həm qara, həm rəngli paltarlar üçündür,hədiyyə üçün də təşəkkür edirəm ❤️",1
yaxşı,1
"Çox gözəldi,həmdə ekonomdu 👍",1
Çox gözəl məhsuldur. Təşəkkürlər.,1
Получила заказ очень быстро. Капсулами очень довольна . Спасибо за сюрприз 🥰Однозначно рекомендую 👍🏻,1
Əla məhsuldu qoxusu möhtəşəmdi👍🏻,1
Первый раз приобрела. Понравилось 👌🏼,1
"Hər qəpiyinə dəyən bir məhsuldu, xüsusən də qoxusu cox möhtəşəmdi.",1
dedikleri qeder deyilmis lekelerin aparmir,0
"Çox qəşəng,qoxusu bir aləm,çatdlrmanlz 10,,hədiyyə və notunuz da çox diqqətli,",1
Ela superrrrr hediyeniz ucun twk edirem❤️,1
Çox beyendim hediyyeniz üçündə təşəkkür,1
coooooox razı qaldım ela bir şey ətri möhtəşəm ümumiyyətcə keyfiyyət super bele davam ayrıca da hədiyyə üçün təşəkkürlər 😊,1
çox gözəl.bəyəndim.iyi möhtəşəmdi,1
Çox super məhsul,1
"мне очень понравилось ,и запах хороший 👍",1
Çox gözəl məhsuldur.,1
məmnun qaldım,1
əla məhsuldur,1
Çox əla məhsuldu.,1
"Əvvəl 3 məhsul tökürdüm, indi bir kapsul atıram, olur  qar kimi təmiz. Rəngi də itməyib əla",1
Ela mehsuldu heqiqeten👍 en cox beyendiyim odur ki paltardan bir nece gun cox gozel iy gelir☺️,1
"Məhsulu sınaqdan keçirdim, məmnun qaldım. tesvir olunan kimidir, reallıqda da elədir. Təşəkkürlər.",1
normal deyil.,0
məhsul 👍,1
"Bafurini bəyəndim,ikinci dəfədi istifadə edirəm.Qoxusunu evdə hamı bəyəndi,ləkələri də təmizləyir.Can rahatlığıdı.",1
"Bafurı Yeni Nəsil Paltaryuyan Kapsul , Aldıq İstifadə Etdik . Tək Kəlimə ilə Möhtəşəm Nəticə.",1
Anam üçün aldım.Çox möhtəşəm məhsuldu.İnanılmaz qoxusu var.Düşünmədən alın😇,1
Cok  ela mehsuldu seve seva kullaniram paltari yumsak etirli edir lekkeleri gozel cixardir artik 4 cu paketi aliram,1
"красивые, мягкие,приятные капсулы,но  не сказала бы чистить супер",1
Heç memnun almadım terıfledıler amma ne qoxusu nede yuma hasırdı deymez yenı,0
Məhsul əla idi həm rənglilərdə həm də ağlarda,1
Bu kapsulu təriflədilər amma ne qoxusu var nede temiz yumur aldigimada pewman oldum yapon mehsuludu deyirler amma çin stehsalidi,0
Çox pis məhsuldur. Qətiyyən məsləhət deyil!,0
"salam. çox gözəl vasitədi. həm təmiz yuyur, həm ətirlidi, həm də paltarlar yumuçacıg olur. Çox, çox məmnun galdım.",1
normal,1
Əla çox sagolun.,1
yaxşıdır,1
"mən sifariş vermişdim çatdırdılar,işləməyi də, yaxşı nərazılığım yoxdur məsləhətlidir.",1
cox keyfiyyetsizdir almaginizi meslehet gormurerm yazilan 52 cc duzgin deyil 44 cc dir,0
bu qiymətə yaxşıdı,1
workline shop mağazasından aldım məhsul yaxşı və sürətli gəldi. hələki problemsiz işləyir. Təşəkkür edirəm.,1
"Колонка отлично работает,все было упаковано и запечатано",1
👍razi qaldiq,1
yaxsidi beyendim,1
normal,1
Almaga dəyməz,0
"Çatdırılma vaxtında və səliqəli şəkildə idi, təşəkkür edirəm",1
rahat çatdırılma ela məhsul təşəkkür edirəm sizə.,1
möhtəşəm möhtəşəm tam istədiyim çox təşəkkür edirəm satıcı 👍🏻🤌🏻🌹,1
tam orjinal boy və qara rengini göndəriblər.barkodu skan etdikdə orjinal olduğu bilinir.cox sağolun 🩷,1
Super məhsul...kipriklərə  bir toxunuş bəs edir!,1
Süper,1
Əladır👍🏻,1
Çox berbat tusdur. Kirpikleri yapisdirie qaldirmir palciq kimi edir. Bu magazanin ikinci mehsuludur sifaris etmisem qeti razi deyilem. Cox pisdir almayin. Ne bu mehsulu nede bu magazanin mehsullarini,0
Çox bəyəndim.,1
Çoooox geseydi kirpikleri  tek tek ayirir çoxx beyendim,1
Tövsiyə edirəm əla məhsuldur çox kompakt az yer tutur və deye bilərəm ilk gaçışdan məmmun qaldım,1
Super,1
mükəmməl😍,1
yaxşıdı daha yaxşısı tez gətirib çatdırmaqlarıdı.,1
Əladır,1
ela təkərlər dir,1
əladır,1
"Əladır,reklamında deyildiyi kimi dırnaq keçməyən çızıqları bərpa edir,rəngi canlandırır.",1
İdeal,1
Heç bir iş görmür məsləhət deyil,0
Məhsul incə cızıqlar üçün yaxşıdır.Verilən pula dəyir.,1
Məsləhətli deyil. Heç bir işə yaramadı.,0
Zayif,0
keyfiyyətli məhsul deyil,0
çoxda güclü məhsul deyil ama idare eder,1
çox incə cızıqları aparır dərin cızıqlara təsir etmir,1
Əla məhsuldu,1
"Əskidən qalan Xırda cızıqları (hörümçək toru ölçüdə olanlar) aradan qaldırır. Bundan dərin cızıqları aparmasını gözləməyin. Flaminqonun bir çox məhsulların əldə etmişəm, çox keyfiyyətli brenddir. Amma bu cızıqlara nəsə tab gələ bilmədi.",1
yaxsidir,1
Очень качественные и удобные в использовании Советую приобрести,1
Super,1
superdi cox rahat,1
zor məhsuldu alın gedsin mən almışam stolun üstündə olan yeməklərə taxıram ki pişik çıxanda yeyə bilməsin heçkim qınamasın məni bala pişikdi mədəsi tam öyrəşik deyil insan yeməyinə.👍🏽,1
normal,1
eladi,1
Ela,1
əladır,1
Münasib qiymətə aldım burda 2.30-3manat aralığındadı qiyməti təəssüfkii,1
Cox sagolun her zaman alib işletdiyim mehsuldu bir marketda olmasida eladi hardansa gedib axtarmirsan evin icindan götueursen!!,1
daimi istifadə edirəm,1
əla,1
Super 👍🏻,1
Mağazalarda 50 ededi 1 azn di. Buradan 100 ededini 0.75 azn ə aldım eynidir. Amma qiymət feqi ilə say fərqindən başqa.,1
qiymətinə qörə yaxşıdı.,1
"əla çox sağ olun,",1
нормально всё.быстрая доставка.,1
yaxşıdı 🙏,1
evə lazim olan bir məhsuldur yaxşıdır,1
отличная вещь,1
yaxşıdır almaqa deyer,1
əladı təşəkkür🙏qiymətidə çox münasib,1
əla,1
"minnətdaram,cox yaxsidi",1
😍😍😍,1
əla,1
torbası çox şirindi. say olaraq düzgündü,1
Alın qiymətidə👍🏻👍🏻👍🏻,1
доставка в срок. качество отличное!,1
Məhsul gözəldir artıq günlərdir istifadə edirəm,1
Əla qiymət Əla məsul,1
Благодарю Бирмаркет за работу и доставку 🙌 стрейч-пленки супер 👍,1
Çox balacadı,0
elaa bu qiymete,1
"əla, mətbəx üçün superdir",1
👍👍👍,1
Ela meslehet görürem,1
əla,1
çox gözəl hele 9 ədəd de artiq idi teşekkürler 🙏,1
çox qəşəngdi 👍,1
Очень удобные пленки,1
eladi pendir və salat boşqab üçün ölçü,1
Əladir bu qiymete,1
beləde,0
əlverişli,1
мне понравилось,1
Əladır Təşəkkür,1
"Əladır, kiçik hədiyyə üçün sağolun🥰",1
əla,1
"Həm satıcı,həm məhsul əladır.Başqa mağazafa bu məhsul daha yüksək qiymətə təklif olunurdu.Kiçik hədiyyə də göndərmişdi satıcı,sağolsun",1
Həm pratik həm də əlverişli 👍🏼,1
"Çox gözəl, səliqəli  şəkildə göndərilib. Super xidmət, keyfiyyətli məhsul! Əhsən! Hədiyyə üçün xüsusi təşəkkür edirik! 😊",1
Gözəl keyfiyyət👍,1
qəsəng,1
"Çox faydalı kitabdır. Mən 19 aylıq övladım üçün aldım. Maraqla baxır, öyrənir.",1
üstünde hediye kaşilok geldi bunuda bəyəndim çanta super,1
Cox keyfiyyətli ..,1
Çox beyendim 👍Bele gozel olacaqini gozlemirdim,1
Çox bəyəndim təşəkkürlər umico,1
Məhsul çox əladır. təsvirdəki kimi gəldi. Çantası ve digər hər seyi ilə birlikdə,1
əla,1
əla,1
hədiyyə aldım çox qeweydi ALLAH hamının balasına nəsib etsin İnweALLAH,1
"əladır,məsləhət görürəm",1
Bunun qızıl olduğuna dair heçnə yoxdu ayarı qramı,0
əladır.,1
Çox gözəl super hərkəsə məsləhət görürəm,1
Yaxşıdı,1
yaxşıdı əladi xoşuma gəldi,1
Əla,1
Mənim xoşuma gəldi yığcam və sərfəli dəstdir,1
"Məhsul göründüyü kimi səliqəli və təmmiz,rahat çatdırıldı.təşəkkürlər",1
Keyfiyyətli xidmətə görə sağolun.Tərtərdə filialının olsa çox yaxşı olar.,1
Yaxşıdı. 55 kq ümumi çəkidir.,1
Daşların çəkisi 36-37 kilodur,1
nur parfumdan aldim eladı,1
Beyendiiim😍💗,1
"Eladir, orjinalidi",1
Super,1
əla upakofka etmişdilər məhsul əladı,1
"Действенное средство, выполняет свои функции, но нужно чтобы помещение было хорошо проветриваемым. Очень концентрированный состав.",1
çox gözəldir,1
ela,1
"Остались довольны покупкой. Приставка работает отлично, всё соответствует ожиданиям. Но имейте в виду, что в комплекте нет никаких игр — их нужно приобретать отдельно.",1
"Əla. 
EU stokudu,ozdə teze stokdu (2025-2026) ,tam mat rəngidi.",1
super,1
"Mobicraftdan aldım, qutusu pis vəziyyətdə gəldi. Hələ istifadə etməmişəm görək özü necədi",0
əla,1
"Отличная приставка, быстрая доставка, ревизия под регион РФ 2024 года, одна из последних. В общем все отлично, все понравилось!",1
hərşey istədiyim kimi oldu,1
очень хорошо работает  спасибо большое вам!,1
Super,1
Ela,1
Her wey Cox Gozel.    Cox Raziyam,1
Iwlemir oz ozune sonur,0
əladır. işləyir oyunlara endirimlər çox olsa super olar,1
Hersey qaydasindadir . Insallah bir problem cixmaz,1
məhsul qüsursuz gəldi və hər kəsə tövsiyyə edirem bir market çox gozəldi işcilərdə həmcinin👍,1
əladır almağa dəyər,1
çox yaxşı formada çatdırıldı razıyam,1
"Beyendim, saglam shekilde geldi 😍",1
Belədə,0
Çatdırılma vaxtında olmadı. çox gecikdi. Amma məhsul ilə bağlı heç bir problem yox idi.,1
Mükəmməl. çox bəyəndik,1
Əla idi,1
Super 👍🏻,1
Original və hər şey qaydasında,1
əla,1
yaxsidir,1
Всё как надо.,1
Все отлично товар оригинал,1
Qutu bərbad hədiyəlikdi vurğulamışdım ama qutu pis gündə cırıx skoçlu yarı hissə cırıx köhnə qutudu,0
Çöx raziyam. Teshekkur edirem.,1
ela,1
Tesekkurler,1
super,1
"Всё работает, советую",1
Çatdırılma zamanında oldu hərşey qeyd etdiyim kimi idi mağaza güvənilirdir.,1
niyə verdiyiniz ƏDV çeki yüklənmir ? oyun konsolu yaxşıdır ama ƏDV çeki verdiyiniz halda yüklənmə olmur səbəb ?,1
"Məhsulun məlumatını tam qeyd edilmir. Məhsul Avropa və ya Rusiya üçün istehsal edildiyi qeyd edilməyib.  Bu məhsul Rusiya, Hindistan və Ukrayna üçün istehsal edilib.",0
super 👍,1
Mehsulun pultunda problem var ve satici maraqlanmir,0
Məhsul orjinal məhsuldur.  Heç bir problem yaşamadım. Mükəmməl şəkildədir.,1
Salam əla smartfondur.amma ƏDV çeki gondərilməyib,1
Əla mehsul,1
ela cekilis zaryatka saxlama mukemmel,1
cox razi qaldim,1
Məhsul səliqəli baglanmis  təhlukəsiz salafanda gəldi telefon super isləyir məsləhət gorurem ikinci telefondu birmarketden aliram ikisidə əla cixib 8ram 256,1
ikincisin almisam super,1
Salam mehsul yaxşıdı bəyənirəm problem yoxdu ancaq zəhmət olmasa birmarket mağazası olararaq telefonu qeydiyyatdan keçirərdiniz,1
Cox seliqeli pakofka olunmusdu. Agzi bagli sekilde geldi. Razi qaldim,1
superr,1
Bir sözlə əladır,1
"əladır,həm özü həm də qiyməti,təşəkkür edirəm..",1
heleki super,1
super,1
gozel mehsuldur meslehet gorurem,1
Əla çox gözəl,1
aldım əladır,1
NFC dəstəkləyir. Bağlı qutuda zəmanətli gəldi.,1
əla,1
çox yaxşı telefondur çox sağolun 👍,1
əla,1
bəyəndim hərşeyi qaydasındadı,1
"отличный наполнитель, еще закажу",1
Əladır,1
əladır,1
спасибо большое за дополнительные подарки! наша кошка в восторге💐,1
beyendim,1
məhsulu bəyəndim cox təşəkkürlər,1
"Aquazoo-dan aldım. Yaxşıdır, amma ən azı 3 qəpiklik bir torbaya qoymaq olardı daşımaq üçün",1
👍 yaxsidir,1
eladi,1
Нормально.,1
super,1
самый лучший,1
super!!!,1
Mən razı qaldım ətirsiz sadə semet tupaklanması sürətli və iyi özündə həbs edir,1
əla çox sağ olun!.,1
заказываю на постоянной основе для кошки. отличный товар и шикарная цена всегда приходит верный товар. никаких проблем с возвратом и другим видом не было. заказываю уже 9 упаковку,1
"aciqi qum dushunduyumnen daha yaxshi cixdi , etiri var , hemde istifade edildikden sonra top halinda daqilmadan qalir . Satici cox mehriban ve sifarishin her detalinda komek oldu . Tesekkur edirem 🙏🏻 yene alish verish edecem mutleq",1
ətir qəlmir,1
ela,1
təşəkkür edirəm mənim bütün işlərimə uyğundur gözəl işləmə qaydası var,1
Yaxşıdır effekt verir,1
Əla keyfiyyətli məhsul,1
Cox gözel mehauldu,1
super,1
vaxtında çatdirilma oldu teşekkürler ❤️ mülayim gülerüz idilər Allah razı olsun ❤️,1
Очень довольна этой продукцией.,1
Nəticə görmədim.,0
Super bir məhsuldur,1
original məhsuldur. təşəkkürlər,1
Əla,1
товар доставлен вовремя хороший товар,1
umico şirkətinə minnətdaram.goturduyum məhsul isə olduqca tərifə layiqdir.tewekkurler umico.,1
əla,1
çox gözel qida əlavesidi  ikinci defedi aliram,1
Ən yaxşı sink elavesidir firma olaraq.,1
Спасибо большое! Все отлично! Доставили раньше намеченного времени. Я осталась довольна. Я Ваша постоянная клиентка.,1
əla çox yaxşı,1
"Qiyməti münasibnolsa da, yazıldığı kimi heç 2 qatlıya oxşamır, çox incədir. Dəyməz...",0
Əladı. Qiymətinə görə superdi,1
əla,1
👍🏻normal,1
əladı cox xaşum qəldı qimətinə qörə yaxşıdı,1
"Həm keyfiyyətli, həm də uyğun qiymətli məhsuldur. Çox sağ olun 🌹, Bir market",1
очень тонкие,0
отлично,1
yaxşıdı,1
"рулоны очень тонкие, будто в один слой",0
yaxwidi,1
2 qatlıda olsa yaxşıdır,1
Əladır ikinci alişimdir cox raziyam,1
yaxşıdır,1
Отлично,1
Məhsul tam orijinaldır. Qiymət marketlərdən ucuz.,1
Əla,1
"Çox işləmədi. Səbəbini dəqiq bilmirəm. Ola bilər ki, daxilində quraşdırıldığı cihazın nasazlığı üzündən tez sıradan çıxdı.",1
eladir.endrimle almisdim.tesekkurler,1
❤️❤️❤️❤️,1
original Duracell 👍,1
5*Əla,1
yaxşıdır,1
"Birinci dəfə idi ki sifariş edirdim, 2 günə çatdırıldı. Əla vəziyyətdədir. Qiyməti isə çox münasibdir.",1
batareyalar paslı vəziyyətdə gəldi. biri isə əzilmişdi.,0
nazik batareya sifariş vermişdim qalının göndəriblər😑,1
çox saq olun,1
2 dəfə paketlənmişdi çox məhsuliyyətlə yanaşmışdılar çox çox bəyəndim əməyinizə sağlıq 🥰,1
"Əla qiymət, yüksək keyfiyyət. Əsas da sürətli çatdırıldı.",1
Saat duzgun iwlemir duymeleri islemir . Saati duzeltmey olmur. Original deyil,0
"əla saatdır, qolda əla görsənir",1
"Mehsul keyfiyetsizdi 2-3 gündu almisam,ekranda ciziqlar var.Bu qiymetden asagi meblegde diger saat markalari daha keyfiyetlidi",0
"Casio Royale legenda olan saat) çox mükəmməldir, sadəcə bir minusu deyə bilərəm çox yüngüldür premium ağır hiss etdirmir amma bu hərkəs üçün minus olmaya bilər",1
qablaşdirma çatdırılma və xidmət super çox təşəkkürlər ƏDV xaric,1
Vaxtından tez çatdırdığınız üçün və keyfiyyətli iş gördüyün üçün təşəkkür edirəm,1
mehsulu elde etdim ve cox razi qaldim. Qablasdirma ve seliqesine soz ola bilmez! tesekkurler timer.az!,1
çox gözəl kitabdır. Kitabın içindəkilər şeirlərdir. Almağa dəyər,1
çox neziydi,1
memnun qaldım inşallah yenə də alaram 😊,1
Əla məhsul və münasib qiymət,1
istifadə eleyirəm 40-inci gündür artiğ . özümdə möhtəşəm dəyişiklər hiss eleyirəm . əvvəlki cəkidən dahada artiğ cəki istifadə eləyirəm,1
Super,1
Əla,1
Effect 100 % super,1
Hələki pis deyil normaldır,1
Super,1
chox yahshi,1
Əladı,1
Мне нравится кофе этого производителя. Закзываю уже не первый раз.,1
"Qoxusu,dadı möhtəşəm 🥰🤎👌",1
Qimeytide keyfiyyetide munasibdi,1
"Dadı əsl türk qəhvəsinə bənzəyir. İsti su ilə bişirməyi tövsiyə edirəm, 60°C yaxın.",1
dadi yaxwi idi düzdü köhne idi amma yaxwı idi  yenede,1
"Çox bəyəndik, dadı yaxşıdır",1
"Qiymətinə görə yaxşıdır, çox tünd deyil.",1
Bərbad daddır,0
çox gözəl qəhvədir.,1
"Çox bəyəndim, üstəlik qəhvə dənəcikləri balaca paket hediyye qoyulub, çox təşəkkür edirəm !",1
Hədiyyəlik paketlə bərabər göndərdilər.  Təşəkkürlər.,1
ince və gözəl görünür,1
super,1
çox cox pisdi əyildi tuk kimidir,0
Zerif ve incedi hayif ki bir razmer balacadi😌,1
Очень красивое. Спасибо. Советую..,1
heç xoşum gelmedi,1
Çox yaraşıqlı çox raziyam,1
yaxşıdır,1
"Bacim almisdi cox beyenmisdim, ozum ucunde aldim. Perzon Gallery tesekkur edirem👍👍",1
Perzon Gallery sifaris verdim heyif o pulumdan neqeder sepiremse iyi qalmir sanki sudur.. bezen 30 azn etirlerin bele iyi ondan yaxşi qalir,0
Qoxusu hafif şirindi men ise daha tünd sevirem umumilikde eladı.,1
Super Etirdi Qoxusu 😍,1
"Mən bəyəndim.Zərif,şirin bir ətirdir🫠
Amma bəyənib,bəyənməmək individualdır",1
çox gözəl etirdi,1
Cox qesengdir,1
perzon  Eşqin mellim meyi nece deyse eleedi dadrce möhdesem 24 saatdi sacimda qalıb,1
коту  понравилось 🍽,1
əla,1
normaldır,1
Yaxşıdı,1
sevdiyim günəş kremi,1
təşəkkür,1
ela beyendim cox sagolun,1
taxtasinda cat var,0
👍👍👍👍👍,1
men profesional usta deyilem.sadece ev ucun almisam.superdi.cox beyendim.almaga deyer,1
yaxşıdır yoxladım kuryerdən aldım işləkdir əla vəziyyətdədir gücündə qiymətinə görə xoşuma gəldi yaxşıdır,1
yaxşi işləyir,1
bəyəndim yaxşı,1
İlk baxışdan məhsul zəif görsənir. Yəqin ki bir müddətdən sonra uğurlu olub olmadığı bilinəcək. Qutusu bir az balaca olduğu üçün adapteri yerləşdirmək çətindir,0
yaxşıdı amma aynasında cızıqlar var,1
Saatın kilid yeri özü durduğ yerə açılır,0
Qeşengdi boyukler uçun,1
super,1
cox gozel di tovsuye edirem,1
görünüş fln hamısı yaxşıdı prosda yüngüldüye çox,1
Yorumlada saati pisleyirler amma men 7m aldim ve çox keyfiyetlidir duşunmeden alin❤,1
"Cox pis mehsuldu pesman oldum aldiqima
Esil oyuncaqdir usaqlar oynamaqa yaxsidir.",0
Meslehet deyil almayin,0
Məsləhət deyil,0
Çox bərbad məhsuldu.,0
cox gozel beyendim,1
şəkildəki kimi gəlib çox qəşəngdi,1
çox gözəl sadə qol saatı oğlum üçün almışam oda sevə sevə taxır almağı məsləhət görürəm,1
Tam gözlədiyim kimi gəldi😍,1
"O saatın yazılan qiyməti endirimə düşən qiyməti belə qat-qat bahadı maksimum dəyəri 5 manat ola bilər.Şəxsən mən çox narazı qaldım,zibil qutusuna atdım pulsuz versələrdə taxılmıyacaq bir saatdı xahiş edirəm məhsul paylaşanda onun şəkillərin ətraflı çəkin bütün rakuslardan.Arxa tərəfi ümumiyyətlə bərbad görsənirdi sadə nazik düz list dəmir heçbir yazısız qapaq üstdən şurupla bağlanmış formada.",0
Super qablasdirma saat,1
qiymete görə çox yaxşidi balansada yaxsi gedir,1
Məhsulun keyfiyyəti ortadır.ancaq arxa təkərə yarıyir.balansa güclə gəlir. elədə yaxşı deyil,0
bəyəndim,1
balansda yaxşı deyil şəhər içi yaxşıdır amma trasda uzağ məsafədə balans his olunur və səs var,1
tam qiymətin haqqını verən məsuldur. qiymətinin ucuz olmasına baxmayaraq çox razı qaldım,1
superdi,1
super tekerdi almaq meslehetdi balansada yaxşı gelir.düşündüyümdende yaxşı idi,1
Əla təkərdir. məsləhət görürəm almağı hərkəsə. qiymətinə görə keyfiyyət maksimumdur,1
Əlaaa,1
məsləhətlidir👍,1
Cox gozel.,1
Çox keyfiyyətli təkərdir,1
Təkər yaxşıdır.,1
Əladır. qiymətə görə münasibdir.,1
eladi bir soznen,1
"Əla, razıyam.",1
Əladı,1
şinler yaxşıdır  yumuşaqlığı superdi 4 fesil esil qışın  malıdır,1
əladı,1
cox gozel ela keyfiyetli tekerdi yumusaq,1
Çox gözəl təkərdir. Əla balans götürür.,1
🫶🏻🫶🏻🫶🏻eladir,1
спасибо за хорошую продукцию!!,1
masAllah çox keyfiyetlidir,1
çox yaxsdi,1
очень нужный инструмент,1
beyendim,1
super,1
normal,1
👍 əla,1
çox zeyif pis işime yaramadı,0
Əla akkord avtodan aldım yeni akkumulyatordu (25.10.2025 buraxılış tarixi) razıyam çatdırılma da qaydasında vaxtında oldu təşəkkürlər 👍🏻,1
hələki yaxşı dı,1
"все супер, блогодори всю команду мы довольны",1
çox yaxşı qəşəy razyam,1
çox yaxşıdır sifariş verdiyim geldi,1
Məhsul olduğu kimi gəldi problemsiz işləyir,1
Yüngül idi beyendim ,1
bizne storeden 3 cu defedi alram cox gozeldi. menm uzme her tonalni dsmr sepdirir sfetmi lakin bu tonal super cxdi. Elaaa,1
qoxusuda effektide çox gözəldir.Men sadece bir nömrə açıq almışam.,1
bizne storeden almwam superdi bizne storeden ne almwam mukkemel gelib.,1
Rengi düz geldi tekturasi gozeldi beyendim,1
çox zəifdir. məsləhət deyil almaq,0
çox razıyam çox gözəl alətdir və mən birmarket kamadasna təşəkkürlər edrəm,1
ev ucun eyladi,1
Mehsul cox zay cixdi,0
Almaqa dəyər yaxşdı,1
Men coxx beyendim super..,1
Çox zay dreldi yalandan 48v yazıblar amma 20V dır çox zeyif çox peşman oldum almağıma,0
bəyəndim reklamlarda keyfiyyətli məhsul olduğunu göstərir,1
əla işləyir.,1
bir köpukluk məsul deyil almayın nə zariyatka saxlayır nədəki kınopkası işləyir,0
Əladı,1
salam men beyendim esayalriniz bunun. edv siz hani icinden cixmadi,1
Super,1
bəyənmədim sürəti çox zəifdir əgər satıcı narazidirsa menden əlaqə nömrəm var zəng etsin,0
ilk dəfə olaraq  bir market direlşurup bağlayan aldım  razı qaldım ..,1
"məhsul superdir. gücü yaxşıdır. 2 batareyası, adaptır, əlavə deşici sverlolar, patron açarlar və s. almağa dəyər.",1
çox pis. keyfiyyətsizdir.,0
ela keyfiyyətli 👍,1
Çox keyfiyyətsiz idi,0
Cox eladir cox raciyam,1
normaldi,1
Cox gözəl məhsuldu,1
eladı👍,1
əla çox gözəl,1
Qizin cox beyendi,1
qızımın bu gün doğum günüdür ona hədiyyə aldım çox sevdi təşəkkür edirəm satıcı 🌹👍🏻hər kəsə məsləhət görürəm almağı,1
"Məhsul əksiksiz və Keyfiyyətli, sağlam gəldi .Satıcı ElektroBox.",1
cox gozeldi bu qiymete cox eladi,1
Cox gozel boya desti çox bəyəndi qızım,1
Super😍,1
əladır çox beyendim,1
Əla,1
Super! çox sagolun.,1
ela,1
Супер,1
cooox gozel mehsuldu Esl ustaya yararlidi.,1
eladi raziyam,1
Eladır kefıyyetlı  super mehsul👍,1
əla,1
Mehsul superdi,1
Yaxşi məsuldu ƏLA,1
в деле не побывал но товар доставлен во время все в рабочем состоянии.,1
Əla məhsuldu.Təşəkkür edirəm!,1
men almisam heqiqeten de cox superdir her kese tovsiyye edirem,1
əla,1
Çox bəyəndim.,1
Aldım əla maldır şotkasızdır,1
eladi cox gucludu gozlemezdim bele olar. sotqasizdir. beyendim cox saqolun,1
"Ev üçün əla. ev işleri görmək üçün rahatdır. demək olar əsas ləvazimatlar var. əgər birdə mişar olsaydı lap yaxşı olardı. Çox razıyam. Хороший набор. Для домашних дел достаточно. Я ремонты у всех не делаю, а для себя закрутить, подпилить, подрезать - всё есть. Очень доволен покупкой.",1
beyenmedim,0
cox qeseydi men aldim isledirem,1
çok rahat ve kefiyetli,1
beyendim.,1
cox gezel,1
çox bəyəndim gozladyimnanda usdundu məsləhət goruram,1
"все работает, цена хорошая ",1
Hərşey qaydasındadır almaq istəyən rahatlıqla ala bilər,1
"Очень хороший телефон, привезли быстро! Все работает!",1
"2 heftedir almisam,heleki bir problem yoxdur.Nomresiz olan telefondu.(eSIM DESTEKLI) Her iki nomrede rahat isleyir.",1
"Пользуюсь неделю, пока мне все нравится!",1
Salam heç bəyənmədim telefonu zaryadkaya qoyan kimi telefon və kabeli qızdı heyif ona verilən pula,0
"super skoc,zakazivayu v 4y raz",1
suretli ve saglam catdirilma,1
Super,1
tesekurler,1
Qiymət keyfiyyət baxımından məntiqli seçimdir. İşləməyinə söz ola bilməz çox razı qaldım.,1
məhsul yaxşıdı.almağa dəyər məsləhətlidir,1
Hər şey isdədiyim kimi çıxdı,1
"10 gundur almışam, helekı yaxsıdır. Hec bır problemı yoxdur",1
"Əla idi,təşəkkürlər❤️",1
İlk başda zəyif və pis kimi görsənsədə bir iki doxunuşda mükəməl pərformansları ortaya çıxır,1
хороший корм,1
Əla məhsul,1
Açıb bağlanması yaxşı deyil,1
Yaxsidi qiymetine gore,1
Əla,1
əla,1
"Qeyner pis deyil, işini görür, tez-tez alıram.",1
Mehsul super xosuma geldi.Ceki artimi ucun Gainer meslehet gorurem Irox maxxx,1
cox superdi heqiqeten beyendim,1
yaxşı,1
"Ela,istediyimizi elde etdik.minnetdaram Umicoya-yaxshiki varsiz.",1
Super,1
əla təşəkkürlər🤗,1
çox əla məsuldu,1
məsləhətdir,1
Əladı👍🏻👍🏻👍🏻,1
"Qəşəngdi , hətta super amma qaşıq çıxmadı",1
👌👍Çox gözəl,1
Götürdüm.Ela mehsula oxsuyur.İstifade etmemisem hele.Ela qiymete endime düşüb👍🏽👍🏽,1
xeyir beyemedik,0
super,1
Teshekkur,1
Zəifdi,0
əla,1
"Вещь интересная, всё пришло как заявлено в характеристиках.",1
əla,1
çox gözəl məhsuldur. hamıya tövsiyyə edirəm.,1
Əladı 2 həftədi istifadə edirəm effektin görürəm,1
"Her zaman alıram, keyfiyyetini çox beyenirem👍🏻",1
əla,1
çox razı qaldim,1
За свои деньги очень хорош,1
superdi,1
cox pisdir almaqa deymir alan pewman olacaq,1
"mən , təhvil aldım xoşuma gəldi qəşəng işləyir , amma ƏDV çəkim hele mənə gəlməyib )",1
Hələki yaxşıdı. Zaryadka saxlamağı Normaldı.,1
tam sekilde tehvil aldim islek vezyetdedi hemde qiymetine gore guclu mehsuldu,1
eladir,1
"salam. yaxşıdır , təşəkkür edirəm...",1
super isleyir cox raziyam,1
Əla👍,1
"Məhsul superdir.Alan peşman olmaz.Qiymət normal,güc də əla",1
aldım istifadə elədim pis deyil,1
əladi,1
bəyəndim.Super gəldi,1
"Я несколько раз заказывал этот шуруповерт по причине «шедевральной» логистики продавца Merd grup. В первый раз послали модель дешевле, чем я заказывал. Там слабые 2000 ма аккумуляторы, цвет корпуса черный и комплектация другая. Вернул сразу. Следующим заказом пришел блок гидрофора от насоса вместо шуруповерт!!! Логисты у продавца однозначно работают по цвету, а не по артикулу, он тоже ведь желточерной окраски. Естественно он получил ее обратно. В третий раз заказал у продавца Turkoglu рейтингом ниже. Но как оказалось он с первого раза отправил нужный образец. За что отдельное спасибо Turkoglu и 5 звезд.",1
eladi,1
razıyam,1
məhsul xoşuma gəldi.əladır,1
normal işləyir ama gücə düşəndə sürət ölür,1
yaxşıdı işlətmək olar,1
"men aldim, razi qaldim",1
zaretka saxlamır çox keyfiyyətsiz dir eyni məhsul fərqli qiymətə almışam arasında heçbir fərq yoxdu 🥺,0
cox gozel keyfiyetli,1
həddiyə vermək ucun əla super təsəkkur məsləhət gorurəm ,1
cox gozeldi,1
əla,1
bir kəlməyilə möhtəşəmdi Umigo ilə irəli👈🏻👍🏻,1
Əladır,1
işlək deyill,0
Çox əladı,1
küçə pişikləri üçün əla,1
"Корм очень хороший, кошка ест с удовольствием",1
çox gözəl,1
"Некоторые кошки едят много, некоторые мало едят , но все тянутся есть!",1
pişiklərin xoşuna gəlmədi!Coox təssüf,0
"Pişiklər yeyirlər, ala bilərsiniz. 2 kq görə məncə qiymət münasibdi və bir paket daxilində gətirilir, çəki ilə yox, bu da bir + dı",1
Çox quru yem oldu. Pişiklər yemədi,0
eladi tovsiye edirem,1
çox gözəl çəki ilə yox paket formasında aldim,1
çox sağ ol umiko.2kq bir yerdə gəlib.yəni 1bağlamada.tay açıq şəkildə çəki ilə yox.,1
"Постоянно покупаю эти фильтры,отличное качество.",1
ela.tesekkur,1
çox yaxşıdı,1
mehsulun qiraqlari eziy gelib su filtirden yox qiraqlarinnan axir mehsulu geri qaytarmaq isteyitem,0
Товар просто супер . Спасибо бирмаркету за честность и отличный сервис .,1
origialdir,1
"Кошки кушают. Всё ок. Лучшая цена на сегодня (3,50).",1
Hər bir evə lazım❤️,1
Супер устройство.,1
"давно хотели это устройство, все супер",1
Məhsul eladı .Tarixləridə yaxşıdı.sadəcə təfil məntəqəsi tətildə olduğu üçün bir həftə gec catdı,1
ela cox beyendim birinde atmsam sebetime sifariw edecem🙏,1
əla,1
Отличный,1
əla qiymət.paketlemə də əla. almağa dəyər,1
Bəyəndim təşəkkürlər❤️,1
Əladırrr o qədər gözəl qoxusu varki😍,1
almaga deyer qaymag kimi yayilir dodagda diger renglerinide alacam👍,1
Əla həm eəngi həm keyfiyyeti super,1
bu sheer uplarin her rengini almaq isteyirem tek menfi yani cox qalici olmamasidir o da balm kimi olduguna goredi,1
"Piqmentii, rəngii əlaaa😍❤️‍🔥",1
Möhtəşəmmmm👍❤️,1
Superdiii alin qizlarr qoxusu mohtesemm😍,1
çoxx gözəldir,1
süner ela almağa deyerr,1
"o qədər yumuşaq və incə teksturası var ki, çox gözəldir və gözəl ətri var",1
super,1
möhtəşəm heçnə,1
çox gözəl məhsuldur almağa dəyər,1
Uygun qiymetli keyfiyyeti yuksek,1
"Mükəmməldir,gloss kimi yumuşaq və parlaqdır",1
Çox gözəl rəngdir.,1
mükəmməl,1
Yaxsidi,1
yaxsi,1
əla 😍,1
3₼ yaxsidi qiyməti gore Surətli Yığır Çox Bəyəndim,1
Çox gözəl!,1
"məhsulu çox beyendim ,sanmıram tük yığa ve ya tiftiklənər,qiymətə görə eladi",1
"Lasin kimidir yapışan materialdır,qısa boylu insan üçün yaxşıdır bəyəndim",1
əla,1
basliqi yaxsi deil wurupu sixa bilmir wesdirnani yeyir,0
wexsen men beyendim..🤗,1
Salam məhsul yaxşıdı ancaq daşının biri işləmir zəhmət olmasa mənimlə əlaqə saxlayın,1
Məhsul yaxşıdı 👍,1
Cox gözəl sevdim,1
heç razı qalmadim,0
ela,1
əla mesuldu,1
yaxşıdır,1
əla,1
xoşum gəldi 🙏,1
Əla,1
yaxşıdı👍🏻,1
supet,1
ela,1
Bir sözlə mükəmməldir,1
Tam rəsmidir.Məsləhət görürəm👍🏻,1
ela idi  beyendim  👍👍,1
Faydası var amma niyə bu qədər qiymət fərqi yaranıb? 1 aya 10 manat bahalanıb,1
mehsul eladi ama her defe ferqli qiymete olur,1
"düzgün içildikde çox super neticesi olur, çox qeseng arıqladır",1
İştah kəsmir və arıqlama sağlamır. Boşuna pullarınızı buna verməyin.,0
Məhsulu 5 aydır istifadə edirəm. heç bir problem yaşamamışam. mağazadan razıyam,1
Heç düşünmədən rahatlıqla alabilərsiz. Hər şey əla idi,1
Gözlədiyimdən yaxşı çıxdı,1
Əladır,1
hər şey qaydasındadır. çox sağ olun,1
Super👍,1
Ekspress çatdırılma ilə 1 saata çatdırıldı. Qutusunda belə cüzi əzik də yox idi,1
"Hədiyyə olaraq almışam, bir nəfərin bəxti gətirəcək) Açıb oynamamaq üçün özümü zorla tuturam 😂",1
rahat səkildə catdirildi cox məmnunuq,1
Əladıııı,1
Cox pis,0
Məhsul tam isdədiyim kimidi heçbir problemsiz sifariş verə bilərsiz. Bol oyunlar,1
xeyir cox pis,0
Tam əminliklə sifariş edə bilərsiniz. Çatdırılma zamanı tam qeyd edilən vaxta oldu.,1
Məhsul problemsiz işləyir. Təşəkkür edirəm.,1
hərşey qaydasındadır problem olmadı,1
Əla saolun,1
Super Catdirilma. Tesekkurler.,1
ətirin qoxusu gözəldir. Qalıcılığıdı yaxşıdır Almağa dəyər.,1
maşın yağının qoxusu gelir,0
10 günə 5 kq arıqladım. Superdi👍,1
1 qutu ilə 6 kq arıqladımm😍,1
Super,1
Heqiqetin isdahani kesir ve kilo vermeye komek edir.Orginaldir xanimlar.Men razi qaldim.Meslehet gorurem.,1
